Battery,Cycle,Voltage,Current,Temperature,Capacity,SOH,RUL,SOC
B0040,1,3.2570770872838057,-2.496194310605518,34.520854008155766,0.6734628137095633,100.0,45,100.0
B0040,2,3.435168668765134,-1.9461397110184737,34.02922924081149,0.7913062105760345,117.4981297359786,44,117.4981297359786
B0040,3,3.4309758033508495,-1.9452201291903763,34.012090723638956,0.7865824034601745,116.79670910521796,43,116.79670910521796
B0040,4,3.4348636528845424,-1.9447435736678282,33.978388906178346,0.7795871426061582,115.75800871796345,42,115.75800871796345
B0040,5,3.445308801417867,-1.9174672773069694,33.83721613724266,0.7628241523125163,113.26893434705528,41,113.26893434705528
B0040,6,3.458759767508341,-1.8880936368724701,33.67935609685469,0.7405021514606399,109.95442307821139,40,109.95442307821139
B0040,7,3.344897364124835,-2.4160677054793758,34.856675647434145,0.7783970881100656,115.5813019315059,39,115.5813019315059
B0040,8,3.435394313904374,-1.9695300241186464,33.93437846177736,0.7733165409025605,114.82691028521434,38,114.82691028521434
B0040,9,3.4407328862516335,-1.9553056005388323,33.87341008861747,0.7589575236409498,112.69479297015157,37,112.69479297015157
B0040,10,3.4424940628831777,-1.9401168646905238,33.801632457231946,0.7407399462256391,109.98973234253282,36,109.98973234253282
B0040,11,3.4441875855764166,-1.954173143017623,33.841214598826475,0.7446218752617147,110.56614561391945,35,110.56614561391945
B0040,12,3.458256040593686,-1.8954416195145705,33.68915739169769,0.7149875629820736,106.16585629186916,34,106.16585629186916
B0040,13,3.624872673514505,-0.9641877110703866,44.27504698193625,1.7075144448533202,253.54249857508847,33,253.54249857508847
B0040,14,3.6219123150772736,-0.9482972559679383,46.496780020843715,1.730880859428193,257.01209097116543,32,257.01209097116543
B0040,15,3.621615017492515,-0.9497815137936721,46.4678468881245,1.7328212845233328,257.30021750994956,31,257.30021750994956
B0040,16,3.622864388629409,-0.9494868615948265,46.45190241544343,1.7317734323431513,257.1446258189385,30,257.1446258189385
B0040,17,3.6220494199910203,-0.9521447667439508,46.440231939332925,1.7341296392350067,257.49449025746287,29,257.49449025746287
B0040,18,3.622162963654601,-0.9505422244648805,46.465222077063906,1.7334756929990074,257.39738820183527,28,257.39738820183527
B0040,19,3.629361907913309,-0.9652916551188272,46.49072067213048,1.7243057179457875,256.0357725540893,27,256.0357725540893
B0040,20,3.6234871903936696,-0.9515172757333835,46.47888431603475,1.7318975861687205,257.1630609608709,26,257.1630609608709
B0040,21,3.6222932883799372,-0.9513915692974558,46.45480276183313,1.7333691208377457,257.38156369614734,25,257.38156369614734
B0040,22,3.622128684193048,-0.9510427335186784,46.423098338329766,1.732175650153278,257.20434965252497,24,257.20434965252497
B0040,23,3.6212784001178204,-0.9524743606309494,46.417883981463206,1.7334832776102866,257.39851441268536,23,257.39851441268536
B0040,24,3.6222214851987244,-0.95386146065853,46.41962937983974,1.732372495746513,257.2335785259279,22,257.2335785259279
B0040,25,3.621600293236707,-0.9551274962002001,46.437216774742105,1.7338175297202416,257.44814627106723,21,257.44814627106723
B0040,26,3.621303558836112,-0.9535557918067024,46.440515516123355,1.7329630786357868,257.32127199277585,20,257.32127199277585
B0040,27,3.6217314334668362,-0.9547864424869567,46.438246093452804,1.7318839084573339,257.161030008143,19,257.161030008143
B0040,28,3.6224802575418096,-0.9544935502891163,46.419799968945064,1.7306960059812662,256.984642767172,18,256.984642767172
B0040,29,3.6227913336348077,-0.95437046004151,46.41925960985013,1.7296011601947467,256.82207316952946,17,256.82207316952946
B0040,30,3.6219039988656228,-0.9556526843949636,46.442880190211326,1.7296187381064656,256.8246832485659,16,256.8246832485659
B0040,31,3.6231487093600996,-0.9540072055241993,46.455010751151,1.7307198617163877,256.98818501696456,15,256.98818501696456
B0040,32,3.620727454558004,-0.9537643838011659,46.42899601057106,1.729274556175907,256.7735769478835,14,256.7735769478835
B0040,33,3.620851281939705,-0.9552956614335978,46.44608315517329,1.7297962212599596,256.85103706497284,13,256.85103706497284
B0040,34,3.6223530356435982,-0.9549687460528705,46.477279245422224,1.7268942069037494,256.4201276966849,12,256.4201276966849
B0040,35,3.621799074855713,-0.9564508369268612,46.50566493668475,1.7272191689306016,256.46838010501943,11,256.46838010501943
B0040,36,3.620827200366945,-0.9560639609053613,46.489529302216496,1.7285674981160106,256.6685885141493,10,256.6685885141493
B0040,37,3.6206286090197306,-0.9559267781293634,46.47422502580763,1.726636381605547,256.3818441726426,9,256.3818441726426
B0040,38,3.620461858040284,-0.955732355842102,46.467598009037445,1.7262424141835067,256.32334540863957,8,256.32334540863957
B0040,39,3.6207850957418692,-0.9557348422192878,46.50711933936233,1.7252725927602899,256.1793402158547,7,256.1793402158547
B0040,40,3.4599911073457075,-1.8959184882594955,48.821116047310866,1.6668026877455053,247.4973604799995,6,247.4973604799995
B0040,41,3.459413541721385,-1.888918960223662,48.862739172817825,1.666754853762041,247.4902577888797,5,247.4902577888797
B0040,42,3.4606411813742883,-1.8816448898300142,48.859668212563015,1.6583274448761054,246.23890304228047,4,246.23890304228047
B0040,43,3.4619795504624093,-1.8804793058771856,48.84759659003841,1.65032263550715,245.0502985334638,3,245.0502985334638
B0040,44,3.4582381856512225,-1.8804459095886619,48.86015453747502,1.6493406341242296,244.9044847835536,2,244.9044847835536
B0040,45,3.460434749861773,-1.8794616528353505,48.85593683732135,1.641919055037739,243.80248198021977,1,243.80248198021977
B0040,46,3.7482973521924325,-1.045884107237702,49.04132294442338,0.425812451177779,63.22731448709421,0,63.22731448709421
B0040,47,3.653849277043623,-1.3616845329264926,50.17313973556242,0.5569902643736575,82.705422338859,-1,82.705422338859
B0029,1,3.3651860477851834,-3.9753962170197243,51.631545591665024,1.697507332205763,100.0,39,100.0
B0029,2,3.3905928994464873,-3.9342485526057955,52.84944288631656,1.844701206961174,108.67117755327426,38,108.67117755327426
B0029,3,3.3944582472061784,-3.9332952670181975,52.905865867265994,1.8254376674722927,107.53636422296307,37,107.53636422296307
B0029,4,3.394696317253661,-3.932113456162452,52.90438507577814,1.815750429913437,106.96568995398846,36,106.96568995398846
B0029,5,3.398579443319999,-3.931581069158435,52.87534956891003,1.8132993337127028,106.82129610341524,35,106.82129610341524
B0029,6,3.3970260675114696,-3.976472905870513,52.762650424805656,1.8151647619660576,106.93118830935529,34,106.93118830935529
B0029,7,3.4017447799349796,-3.953172457226365,52.78843384352056,1.8143317955190057,106.88211833297,33,106.88211833297
B0029,8,3.400790257856999,-3.952037378872224,52.7841972696045,1.801343601809866,106.11698504236662,32,106.11698504236662
B0029,9,3.4030834056443755,-3.951642628329456,52.751738383515125,1.7881558802945825,105.34009758715031,31,105.34009758715031
B0029,10,3.4052467951556413,-3.9514812160488924,52.7506031720156,1.7760714604539518,104.62820553158387,30,104.62820553158387
B0029,11,3.3969592538295337,-3.974136073511708,52.76187024768883,1.7852807447597443,105.1707236186089,29,105.1707236186089
B0029,12,3.3978270130572263,-3.94933484428352,52.810328108304326,1.7698116401111978,104.25944009393359,28,104.25944009393359
B0029,13,3.3976547229925322,-3.948773942479504,52.803620504971605,1.7565231680521758,103.47661743350038,27,103.47661743350038
B0029,14,3.400358560849027,-3.9481894541359304,52.774286568476356,1.7543413277348154,103.34808542212312,26,103.34808542212312
B0029,15,3.3951054015762527,-3.946655613412357,52.80429201579515,1.7392875506998715,102.46126880876672,25,102.46126880876672
B0029,16,3.3952154633066987,-3.97371791832226,52.721179096315566,1.7797845109331345,104.84694099202856,24,104.84694099202856
B0029,17,3.400939370892573,-3.924297634283963,52.76566676387698,1.7657088508465202,104.01774515766806,23,104.01774515766806
B0029,18,3.3990966930758852,-3.922569043688066,52.80160858510679,1.7523941408724169,103.23337682408318,22,103.23337682408318
B0029,19,3.4005060708668395,-3.9219324486852223,52.76338281760698,1.7380191225603105,102.38654582433561,21,102.38654582433561
B0029,20,3.397536794846482,-3.920549166756126,52.793663259837146,1.7312214443143976,101.98609522733702,20,101.98609522733702
B0029,21,3.391570729569499,-3.9453058787745463,52.75741582344694,1.7379128985265808,102.38028817632936,19,102.38028817632936
B0029,22,3.4006008999743154,-3.895864092268878,52.866554147425745,1.7224270683625882,101.46801935308545,18,101.46801935308545
B0029,23,3.3937647508109445,-3.9179079273158917,52.88238533970063,1.7184213765608034,101.23204441938194,17,101.23204441938194
B0029,24,3.3990916405291434,-3.89292863950299,52.89174684629843,1.7010220930648232,100.20705423725582,16,100.20705423725582
B0029,25,3.396460061958035,-3.891007378210508,52.86276331800625,1.693698739563104,99.77563615953812,15,99.77563615953812
B0029,26,3.3953349055125526,-3.8931180785218142,52.85514927949408,1.713072721286705,100.9169556316859,14,100.9169556316859
B0029,27,3.397203474478597,-3.8906661202538677,52.84555100149494,1.6976972688567131,100.01118915054718,13,100.01118915054718
B0029,28,3.389787970407681,-3.8880091290817527,52.82153486606997,1.6899314034061208,99.55370273483308,12,99.55370273483308
B0029,29,3.3967598380460484,-3.8880141667450476,52.81580315824478,1.685023551367069,99.26458162495992,11,99.26458162495992
B0029,30,3.3957223246260377,-3.886820317431477,52.80521928839473,1.678389965463405,98.8737976926723,10,98.8737976926723
B0029,31,3.3892258428534876,-3.88571106427998,52.80312343851032,1.6737947494868326,98.60309394433555,9,98.60309394433555
B0029,32,3.3940321153796114,-3.85843433412322,52.85759471288148,1.6687898927884715,98.30825829895088,8,98.30825829895088
B0029,33,3.3906922693966584,-3.8565643666104146,52.85638451770691,1.6492566306631427,97.15755563306328,7,97.15755563306328
B0029,34,3.3912179554575785,-3.85547414018331,52.882092513244274,1.6409676757039668,96.6692540627599,6,96.6692540627599
B0029,35,3.3923453388185667,-3.8555734475773074,52.87120880021078,1.6456360229757092,96.94426596893389,5,96.94426596893389
B0029,36,3.3840832974347714,-3.854823111014098,52.8949932373189,1.654547743574037,97.46925460546295,4,97.46925460546295
B0029,37,3.3935243600466607,-3.8279463752523526,52.90577737967025,1.6461201520877546,96.97278597016513,3,96.97278597016513
B0029,38,3.388551594762018,-3.851886221713202,52.85049305569667,1.6275119188151763,95.87657666847107,2,95.87657666847107
B0029,39,3.3876827466759964,-3.8509488961783584,52.93318563948955,1.6200530533464497,95.43717559330548,1,95.43717559330548
B0029,40,3.3850191492367943,-3.849366331322892,52.91920185424772,1.612079811711934,94.96747266576908,0,94.96747266576908
B0033,1,3.3726641134399764,-0.4032887109837347,29.26541655615828,0.06842572240601812,100.0,196,100.0
B0033,2,3.717995304466161,-0.8109495942196226,32.82332257180906,0.6895699007862814,1007.7641514613122,195,1007.7641514613122
B0033,3,3.524738825009034,-1.3467063374074053,35.79329539654299,1.1610848192311252,1696.8543091757062,194,1696.8543091757062
B0033,4,3.489168398195939,-1.4664895935962654,36.38266836733648,1.2529393053824995,1831.0940116173363,193,1831.0940116173363
B0033,5,3.4703882503796533,-1.5284631729967968,36.45901475182768,1.302918002447558,1904.134814560562,192,1904.134814560562
B0033,6,3.453967625388434,-1.5665630077013475,36.279780573622936,1.3218773211472525,1931.8426969665313,191,1931.8426969665313
B0033,7,3.4578247593455274,-1.5273103379999617,36.16552578493363,1.2884694418301417,1883.0191286615036,190,1883.0191286615036
B0033,8,3.209334990541558,-2.081391887401403,39.93652051985124,1.713169326386719,2503.6919832885005,189,2503.6919832885005
B0033,9,3.2871463464425337,-2.031933664083695,38.25328053802186,1.6560966776720512,2420.2838047441583,188,2420.2838047441583
B0033,10,3.3197461384202485,-2.007342900413476,37.62899446299115,1.6197297341990775,2367.135745514059,187,2367.135745514059
B0033,11,3.3333097880411087,-1.9948389441406584,37.32713409422702,1.604655812282729,2345.106132400288,186,2345.106132400288
B0033,12,3.335992217657965,-1.994851949410258,37.40237649452651,1.6255699769029337,2375.670902321322,185,2375.670902321322
B0033,13,3.3499333575510475,-1.9821032756925434,36.995742754141574,1.5900967306245992,2323.8289267732284,184,2323.8289267732284
B0033,14,3.352100511151755,-1.9816298756157713,36.85780455256667,1.5739402299623984,2300.21719116548,183,2300.21719116548
B0033,15,3.364435103530164,-1.9691328896327156,36.6450177655176,1.5711303351557309,2296.1107021027933,182,2296.1107021027933
B0033,16,3.3619403221625435,-1.9747683237565228,37.06472736671567,1.5897706153457416,2323.3523292783234,181,2323.3523292783234
B0033,17,3.3654741602580085,-1.9682317715937605,37.66051476409482,1.6257378771074,2375.9162781808127,180,2375.9162781808127
B0033,18,3.3663272801721305,-1.9814766540711188,38.32310986221148,1.6523506333962537,2414.8091906018776,179,2414.8091906018776
B0033,19,3.377217174172977,-1.9615148467447636,37.01126182016034,1.6143816761595386,2359.3198864314104,178,2359.3198864314104
B0033,20,3.380792043459977,-1.9543536128625176,36.45751890099188,1.58697453394504,2319.2660276619367,177,2319.2660276619367
B0033,21,3.379892729676732,-1.9543735971035472,36.245832392874156,1.5818355572787333,2311.755728193246,176,2311.755728193246
B0033,22,3.3335163148815434,-2.008024980015611,38.88044910257506,1.6919769406371152,2472.7206102369246,175,2472.7206102369246
B0033,23,3.35231211831231,-1.9876053283446151,37.68662439550755,1.6879483800354476,2466.8331157976795,174,2466.8331157976795
B0033,24,3.359089419531549,-1.9736296482799287,37.02885798715912,1.6586223007531458,2423.9748481007896,173,2423.9748481007896
B0033,25,3.3667293867076395,-1.9603089116784294,36.84829116229335,1.6420179032789863,2399.7085387505813,172,2399.7085387505813
B0033,26,3.376711639438572,-1.946637400827973,36.78338270641005,1.6381810791118743,2394.101255360359,171,2394.101255360359
B0033,27,3.367781888938211,-1.959191352221616,37.1454352740502,1.6422892507912386,2400.1050965108957,170,2400.1050965108957
B0033,28,3.372839244866595,-1.9525734623288529,37.43950673452506,1.651270876264092,2413.2311917233933,169,2413.2311917233933
B0033,29,3.374002354868022,-1.9519388696631121,37.21232307005263,1.6326559297917211,2386.0265882236813,168,2386.0265882236813
B0033,30,3.372312698394194,-1.944321269342409,36.823942592131566,1.6260888111680731,2376.429146804385,167,2376.429146804385
B0033,31,3.3827767161652114,-1.9306892906025632,36.46405070511895,1.6079292963823688,2349.890128804763,166,2349.890128804763
B0033,32,3.375532247108578,-1.9434335891264498,36.76266900330653,1.6125361114907395,2356.6227067686978,165,2356.6227067686978
B0033,33,3.3809635204151607,-1.9370016811131343,37.105629207043215,1.6218384168987892,2370.217456054431,164,2370.217456054431
B0033,34,3.3849609857132434,-1.9294565493698395,36.92446822577901,1.6145443029101134,2359.5575554612083,163,2359.5575554612083
B0033,35,3.3815674619499325,-1.9282533581562031,36.60695698382364,1.5953958917107596,2331.5733259550398,162,2331.5733259550398
B0033,36,3.3851857877548657,-1.9211152251549157,36.55039143131212,1.5877243027113057,2320.3617687661617,161,2320.3617687661617
B0033,37,3.3864604240259375,-1.9205487390114635,36.5823314777477,1.5811840578305605,2310.8036016752285,160,2310.8036016752285
B0033,38,3.38478424054856,-1.928157401644312,38.03675863150647,1.6128422608267754,2357.070125261731,159,2357.070125261731
B0033,39,3.382889233805488,-1.9349668442210473,38.760697217070216,1.61998606328022,2367.510354757673,158,2367.510354757673
B0033,40,3.3844125991586744,-1.9341884259387427,38.235160610115415,1.6099381853611876,2352.825996937654,157,2352.825996937654
B0033,41,3.3857968945581733,-1.9188525560254726,37.20770413073148,1.5770977539565159,2304.831718982054,156,2304.831718982054
B0033,42,3.3829095031701564,-1.9177244980858124,36.9160184906247,1.5708599066554392,2295.7154874221396,155,2295.7154874221396
B0033,43,3.3669463001908233,-1.955575681668958,38.272310782775065,1.6261581345348248,2376.5304586565862,154,2376.5304586565862
B0033,44,3.3716190861386144,-1.9478198159800646,39.10342018909909,1.6348129972245726,2389.1790100864014,153,2389.1790100864014
B0033,45,3.383250579221141,-1.9259112286553692,38.33805950325132,1.6117053637342613,2355.4086198328687,152,2355.4086198328687
B0033,46,3.3541040884435995,-2.003289552090588,40.78203629126505,1.8851401699720662,2755.0168323926473,151,2755.0168323926473
B0033,47,3.363721350351351,-1.9793333607509414,38.52395699562303,1.6584957887780232,2423.789958602113,150,2423.789958602113
B0033,48,3.366918878823245,-1.9635759174250933,37.84185542205372,1.62418934644937,2373.653195521865,149,2373.653195521865
B0033,49,3.376033697850269,-1.9412525646606564,37.464100471383695,1.6041720988563641,2344.3992148708035,148,2344.3992148708035
B0033,50,3.3722882262741316,-1.9409306611824064,38.110532137074216,1.6080016740907346,2349.9959043900562,147,2349.9959043900562
B0033,51,3.371464716917886,-1.948285830860844,39.04860411133125,1.6256752138435595,2375.824699660868,146,2375.824699660868
B0033,52,3.3745591325938995,-1.9406336588697692,38.882226863166906,1.617632765910718,2364.0711548679906,145,2364.0711548679906
B0033,53,3.3793714907223658,-1.9251256018615566,38.10273900805949,1.5973191489094263,2334.3840484889647,144,2334.3840484889647
B0033,54,3.3812950636091506,-1.9170834321948271,37.91537679971282,1.5875852250170606,2320.158515239045,143,2320.158515239045
B0033,55,3.382171233915879,-1.9091378265076395,37.92480929373238,1.5802530015403684,2309.44291996453,142,2309.44291996453
B0033,56,3.3795623822599756,-1.9160969808869277,38.34698157796738,1.583036530487776,2313.510876939673,141,2313.510876939673
B0033,57,3.37961009118628,-1.9162480832673106,39.30988108210959,1.6027138832797037,2342.2681221685475,140,2342.2681221685475
B0033,58,3.384287544034087,-1.9085281127715084,38.964980792259276,1.5930709154513834,2328.1755156322197,139,2328.1755156322197
B0033,59,3.3822784871834886,-1.8916136445674485,37.72135386687406,1.5448888685020246,2257.760406729955,138,2257.760406729955
B0033,60,3.3814602813053565,-1.8905533567609432,37.45856152891539,1.5352188565640517,2243.628276884699,137,2243.628276884699
B0033,61,3.382560441964418,-1.8823068188002856,37.2659552140469,1.5252677314227332,2229.085317320061,136,2229.085317320061
B0033,62,3.3801788533503028,-1.8905479396562952,38.74887799470947,1.5559492005453626,2273.92440420697,135,2273.92440420697
B0033,63,3.3800922874688264,-1.8980856969312407,39.69321386954275,1.5648029438427147,2286.8636074569063,134,2286.8636074569063
B0033,64,3.382133740383054,-1.8896314109891985,38.99544744527789,1.5518620461881205,2267.951278584722,133,2267.951278584722
B0033,65,3.3814913105388644,-1.872743521398214,37.746988287643894,1.5144550545105004,2213.2832526402417,132,2213.2832526402417
B0033,66,3.3819655060503893,-1.8642972903813007,37.50735630364932,1.5051936202146428,2199.7482339802955,131,2199.7482339802955
B0033,67,3.329913840594753,-1.959422143897036,38.883555668352116,1.605823969917045,2346.813323195271,130,2346.813323195271
B0033,68,3.3467196974403497,-1.9438219079216,39.70651744278487,1.6249005195877049,2374.692531481104,129,2374.692531481104
B0033,69,3.366597142576843,-1.9207619197190013,38.69688917568081,1.589785130036615,2323.373541609539,128,2323.373541609539
B0033,70,3.3665010841717966,-1.9034234318764343,37.93115370815918,1.5552386152299904,2272.885927314968,127,2272.885927314968
B0033,71,3.3683893640779714,-1.8953087437661214,37.670702628979534,1.539756404636803,2250.25962532093,126,2250.25962532093
B0033,72,3.3686183095745217,-1.8860721599248624,37.48833504505954,1.5293174002138357,2235.003660084604,125,2235.003660084604
B0033,73,3.3619229093944987,-1.9022031487355253,39.01194436489727,1.547680553576876,2261.8402833855293,124,2261.8402833855293
B0033,74,3.362373596039391,-1.902560854268258,39.95408175672587,1.5659920939439786,2288.601477455864,123,2288.601477455864
B0033,75,3.368466070250841,-1.8857964938998257,38.629206981182826,1.5416252851780505,2252.990879702372,122,2252.990879702372
B0033,76,3.36347185491077,-1.8764237604426466,37.93003488357471,1.517590655990168,2217.8657420454124,121,2217.8657420454124
B0033,77,3.363235953553388,-1.8755057458521922,37.62158369702063,1.5075202042593092,2203.1483939827885,120,2203.1483939827885
B0033,78,3.3583847581016526,-1.8746252042601181,37.78621151878811,1.49549282626034,2185.571118104571,119,2185.571118104571
B0033,79,3.3645795285682984,-1.866968412651517,37.780545613375104,1.4997618811573148,2191.810080218326,118,2191.810080218326
B0033,80,3.3647328172276567,-1.8579558703430965,37.48831223397221,1.4906966807803954,2178.5618454052114,117,2178.5618454052114
B0033,81,3.360281651978189,-1.8652023718774091,37.84650784146758,1.4800999425051866,2163.0753618101517,116,2163.0753618101517
B0033,82,3.3661837656093314,-1.856568813720333,37.50067380952265,1.4676091496100632,2144.8208334604083,115,2144.8208334604083
B0033,83,3.369029139242048,-1.8482708540348456,37.46771056598812,1.4729818491920503,2152.672704647251,114,2152.672704647251
B0033,84,3.3652385724141607,-1.847975231148244,37.59818541161091,1.4742872137206404,2154.58041490984,113,2154.58041490984
B0033,85,3.3618926452165643,-1.8544013778989676,37.701434924362204,1.4635162808346138,2138.839356566144,112,2138.839356566144
B0033,86,3.363675541904795,-1.8463602302715172,37.53461374251148,1.4527095680488362,2123.0460080916428,111,2123.0460080916428
B0033,87,3.359060505999303,-1.8534144162144512,37.84394106488913,1.4557303847230247,2127.460746537901,110,2127.460746537901
B0033,88,3.3651551542737717,-1.8376882337108682,37.62240216799661,1.459740099618568,2133.3206991325565,109,2133.3206991325565
B0033,89,3.3585848303538435,-1.8440924557115652,37.85402355267617,1.448711504158192,2117.203082726645,108,2117.203082726645
B0033,90,3.35905242705326,-1.8441168780731472,38.470904652851125,1.4666759762884336,2143.4570578380008,107,2143.4570578380008
B0033,91,3.362682403709533,-1.8444990382739714,39.05355467673962,1.4689502109504418,2146.780712425838,106,2146.780712425838
B0033,92,3.3650098815184712,-1.8447179134276697,39.44221992740732,1.471116588522042,2149.946740485791,105,2149.946740485791
B0033,93,3.3557747858772635,-1.842164817595224,38.22999069332894,1.4473012364654927,2115.142062918434,104,2115.142062918434
B0033,94,3.3539193468726696,-1.8405597937226963,37.758104647901995,1.4205315547561643,2076.0198136121207,103,2076.0198136121207
B0033,95,3.3605316490849235,-1.8322958668074303,37.428049618035296,1.4241466094817417,2081.3029945541157,102,2081.3029945541157
B0033,96,3.3547493929832592,-1.8406157622829122,38.5029228575476,1.4412820083364295,2106.3453298808977,101,2106.3453298808977
B0033,97,3.3635996156389574,-1.8326291343034717,38.83348222581879,1.4448965388921615,2111.6277447807865,100,2111.6277447807865
B0033,98,3.3569917985687048,-1.8392992395990233,39.052180409304285,1.4540256354795746,2124.969359989821,99,2124.969359989821
B0033,99,3.356737655890981,-1.8297056790119524,38.021927947894824,1.4226030447542912,2079.047169298386,98,2079.047169298386
B0033,100,3.3595402684946825,-1.820934982680164,37.73309166360951,1.410196954589097,2060.916428797643,97,2060.916428797643
B0033,101,3.3577795891012125,-1.8285914763057718,37.88253804875795,1.4144881298999457,2067.1877185406815,96,2067.1877185406815
B0033,102,3.3555412354678467,-1.837054902454502,39.09683297382756,1.431360032946153,2091.8449708910393,95,2091.8449708910393
B0033,103,3.3594857050424136,-1.837816023009627,39.85321278395099,1.4515133236517528,2121.297770214101,94,2121.297770214101
B0033,104,3.358051208135682,-1.8280312164109505,39.04623892631281,1.4230376757726733,2079.6823558964948,93,2079.6823558964948
B0033,105,3.3644871236228617,-1.8096060815655475,37.820538353520355,1.396298696255913,2040.6049759631137,92,2040.6049759631137
B0033,106,3.361244790495099,-1.8091575935883184,37.73310595477053,1.3979060730399124,2042.9540586289302,91,2042.9540586289302
B0033,107,3.35671886762914,-1.8167109753774657,38.006666099531806,1.4011347560096767,2047.6725809276154,90,2047.6725809276154
B0033,108,3.359022917654344,-1.8264479842957801,39.784628994566496,1.436782528945267,2099.769616489866,89,2099.769616489866
B0033,109,3.360671828990881,-1.8267902000568095,40.35944876635067,1.4370006879546382,2100.088442512742,88,2100.088442512742
B0033,110,3.358394883350331,-1.8243917057977057,39.40096297699252,1.410355528453481,2061.1481747826438,87,2061.1481747826438
B0033,111,3.3625185980231946,-1.8064502971208865,38.23202468655914,1.382633397996189,2020.633979999581,86,2020.633979999581
B0033,112,3.352730063565273,-1.813345064617239,38.186119358463095,1.3699403583067564,2002.083880354135,85,2002.083880354135
B0033,113,3.348905668243179,-1.8127387092209186,38.7565059715467,1.3786129327882322,2014.7583164821388,84,2014.7583164821388
B0033,114,3.457384162912773,-1.5628707519379117,39.21824541685028,1.8035959863147193,2635.8450052053686,83,2635.8450052053686
B0033,115,3.376673863925851,-1.7979194894124642,39.05310062274121,1.4234424290662009,2080.273878030709,82,2080.273878030709
B0033,116,3.373391130621014,-1.7963463690245949,38.41375319607374,1.3946003892958663,2038.1230044174288,81,2038.1230044174288
B0033,117,3.364186626496377,-1.8032850146688266,38.46902673499884,1.3961613987822286,2040.4043241192508,80,2040.4043241192508
B0033,118,3.358003989298615,-1.8108049336910572,38.5100324254832,1.384968608315797,2024.0467467742621,79,2024.0467467742621
B0033,119,3.36155800725267,-1.8013083911049832,38.40063671961678,1.3715114742475478,2004.3799700197567,78,2004.3799700197567
B0033,120,3.3646263159375533,-1.7919918693222388,38.39044541549165,1.3616865084879255,1990.021384660111,77,1990.021384660111
B0033,121,3.360892538206702,-1.7916249952930718,38.413629652125955,1.3796301360966086,2016.2448967806129,76,2016.2448967806129
B0033,122,3.3571675251434945,-1.798733884420521,38.44024987650422,1.364231776003204,1993.7411371534433,75,1993.7411371534433
B0033,123,3.3650892446963074,-1.7887872050368798,38.18714693456589,1.3418414512081456,1961.0190495995835,74,1961.0190495995835
B0033,124,3.363027417163423,-1.7888403713952685,38.18649962226669,1.3552215695792247,1980.5732726323856,73,1980.5732726323856
B0033,125,3.3583632498611675,-1.7886164084551721,38.536213089297746,1.3403860264029774,1958.892035438838,72,1958.892035438838
B0033,126,3.3574236498195957,-1.7964130441048565,38.552272664006516,1.3594078914195438,1986.6913254539238,71,1986.6913254539238
B0033,127,3.360766302094452,-1.787019212781781,38.45551116751203,1.3457100861355502,1966.6728224665312,70,1966.6728224665312
B0033,128,3.3594711162840047,-1.78684609892111,38.45383838785278,1.3477611420854358,1969.670315043541,69,1969.670315043541
B0033,129,3.352476127724087,-1.7942781727538535,38.59571101696619,1.335482103134067,1951.7252521057926,68,1951.7252521057926
B0033,130,3.3599659156305464,-1.7787288593777348,39.84838963202564,1.353154941842234,1977.5530228427992,67,1977.5530228427992
B0033,131,3.352934086228004,-1.7963772790558135,40.8588418858713,1.3709677706044292,2003.585380464834,66,2003.585380464834
B0033,132,3.343287590707508,-1.805219032161489,40.645674557350794,1.357426672491866,1983.7958954050866,65,1983.7958954050866
B0033,133,3.3304566806630636,-1.8050690579203057,40.22816795562337,1.3443678821106904,1964.7112735377593,64,1964.7112735377593
B0033,134,3.320924665615561,-1.8114911161465173,40.06014962782639,1.33005823859453,1943.7986064690056,63,1943.7986064690056
B0033,135,3.340032080385694,-1.8025216435721638,40.062941403566036,1.4033641858066626,2050.9307559509743,62,2050.9307559509743
B0033,136,3.365998712772332,-1.7876356209052575,40.262388264621016,1.3865570950229378,2026.36822275038,61,2026.36822275038
B0033,137,3.3457011047959266,-1.7957587291291346,39.997401224885536,1.3704138176872631,2002.7758122239916,60,2002.7758122239916
B0033,138,3.346323103330572,-1.7944892722865402,39.574089613864224,1.325319393635713,1936.873074969757,59,1936.873074969757
B0033,139,3.5025083166259967,-1.3524928232333502,35.98333032061264,0.8439684993200656,1233.4082412929522,58,1233.4082412929522
B0033,140,3.8878704029237765,-0.40980761010481126,30.119688488829738,0.29866180371583506,436.4759234015298,57,436.4759234015298
B0033,141,3.9545425965879493,-0.326358504964012,30.940513967139797,0.2344867974702557,342.6880845756805,56,342.6880845756805
B0033,142,3.987610232479158,-0.27160058588744834,31.002948619577534,0.20256330380725823,296.03385493733947,55,296.03385493733947
B0033,143,3.9673029925231815,-0.31706142589910496,30.353188245577265,0.23531995654070248,343.90569549910344,54,343.90569549910344
B0033,144,3.949305726224602,-0.33378469731868937,29.92194766382464,0.23550427837482876,344.17507056398415,53,344.17507056398415
B0033,145,3.7530265184592335,-0.6350119541631207,32.39035931572692,0.4304242256752923,629.0386283703101,52,629.0386283703101
B0033,146,3.7437278161410794,-0.6479270209581071,32.954165794905116,0.46436333202696434,678.6385524314509,51,678.6385524314509
B0033,147,3.802542903312754,-0.5493227175747412,32.988995755051256,0.3994839380247729,583.8212940659255,50,583.8212940659255
B0033,148,3.2312787223699537,-1.925947099684237,45.33521672468352,1.461469789426299,2135.8485347869137,49,2135.8485347869137
B0033,149,3.337618232944289,-1.8473131233384892,40.620147730266055,1.4150999545382532,2068.0818627554504,48,2068.0818627554504
B0033,150,3.3407978157952662,-1.844518264194251,39.683995746406474,1.383632373873956,2022.0939220252412,47,2022.0939220252412
B0033,151,3.3451260552283553,-1.8328005456847734,39.047236578784684,1.3705402893609833,2002.9606428246386,46,2002.9606428246386
B0033,152,3.357137371109369,-1.814347722959519,38.66855198329813,1.3557042566115398,1981.2786901498669,45,1981.2786901498669
B0033,153,3.351453240465127,-1.8221926476157024,38.84148471879362,1.3578385793919763,1984.3978720969308,44,1984.3978720969308
B0033,154,3.346026215342865,-1.8306905769975232,39.052551352201455,1.3609083979571395,1988.8842238038922,43,1988.8842238038922
B0033,155,3.3509794200278593,-1.8209388850738168,38.79448240276511,1.3495626547684758,1972.30311542868,42,1972.30311542868
B0033,156,3.342644131880222,-1.568210357203081,38.509868638012954,1.1888877132486642,1737.4865349526808,41,1737.4865349526808
B0033,157,3.3518592869527803,-1.887501094191758,40.15830993087354,1.5041493934608645,2198.2221605724294,40,2198.2221605724294
B0033,158,3.3468424673944153,-1.876137336259163,39.45022733421382,1.4899088638712767,2177.4104992718903,39,2177.4104992718903
B0033,159,3.3508471294894773,-1.8659348672273262,38.94097771129498,1.475330178643193,2156.1046442286975,38,2156.1046442286975
B0033,160,3.355670268634571,-1.8556627342355745,38.66654129149028,1.459830765413703,2133.4532016359235,37,2133.4532016359235
B0033,161,3.353308872329983,-1.8545310784984728,39.336362061944186,1.4474169057725728,2115.3111065222324,36,2115.3111065222324
B0033,162,3.355576427429911,-1.854560270480603,40.212462412867474,1.4676323674647154,2144.8547649321354,35,2144.8547649321354
B0033,163,3.3638323924431814,-1.8335819983714545,39.15441493084491,1.441552493165527,2106.7406268826485,34,2106.7406268826485
B0033,164,3.3571376570885594,-1.8420750095953933,38.472340837695874,1.418392873584403,2072.8942621432284,33,2072.8942621432284
B0033,165,3.361111422960934,-1.831467802329813,38.10278800382275,1.4031824838852518,2050.6652097279725,32,2050.6652097279725
B0033,166,3.3674136761881366,-1.8211918432229095,38.13961733869117,1.3911104661211642,2033.022695568669,31,2033.022695568669
B0033,167,3.3717064606024185,-1.8123034655027377,38.75498314355583,1.4086019958134537,2058.585494290033,30,2058.585494290033
B0033,168,3.3721296388578876,-1.8216175674206458,39.165872874745595,1.4137708903948947,2066.1395169582484,29,2066.1395169582484
B0033,169,3.370281011025519,-1.82079151069233,39.025069457187186,1.412472234540845,2064.2416110123763,28,2064.2416110123763
B0033,170,3.364268931307196,-1.817964724512839,38.3251245457817,1.3831900026575588,2021.4474236020717,27,2021.4474236020717
B0033,171,3.3720392126554684,-1.798635457145711,37.878182669376734,1.3646098107432565,1994.2936117591323,26,1994.2936117591323
B0033,172,3.362230190450641,-1.8064428802106411,37.905840036253096,1.369751365782437,2001.8076793617684,25,2001.8076793617684
B0033,173,3.3636193969648573,-1.8173405882716633,39.1223902532353,1.3867946911071662,2026.7154548670078,24,2026.7154548670078
B0033,174,3.3703866336965356,-1.8068979814568502,39.39196447810482,1.3918615875742792,2034.1204135418284,23,2034.1204135418284
B0033,175,3.3756959922995033,-1.7968101494502102,38.80564596554866,1.377162352180965,2012.6383818197617,22,2012.6383818197617
B0033,176,3.366639210990064,-1.8043699219153886,38.29516028833109,1.3599525359390852,1987.487290042079,21,1987.487290042079
B0033,177,3.3707194031916488,-1.786679633285191,39.482066579608755,1.379779043170725,2016.4625153440425,20,2016.4625153440425
B0033,178,3.368376555569585,-1.805526191357153,38.22420789035359,1.3631373661966442,1992.141724289278,19,1992.141724289278
B0033,179,3.3605555096355064,-1.813761282828491,38.212225319933545,1.3652295228794809,1995.1992830687416,18,1995.1992830687416
B0033,180,3.3664344500865964,-1.802941147720235,38.03726842877258,1.3498620694059131,1972.7406915724303,17,1972.7406915724303
B0033,181,3.360999914466085,-1.8116624900760223,38.08745383569629,1.3529504172332432,1977.25412266053,16,1977.25412266053
B0033,182,3.359714561556011,-1.811173186431671,38.371162533264,1.3535740542605128,1978.1655299578752,15,1978.1655299578752
B0033,183,3.360790017915932,-1.799607080950245,38.21500087152169,1.3432225183905024,1963.0373946514076,14,1963.0373946514076
B0033,184,3.364551990412796,-1.8000478038107868,38.068361542357145,1.3412081769053426,1960.093558014642,13,1960.093558014642
B0033,185,3.370459024271422,-1.7893303733112242,37.98761504071771,1.3277389969987805,1940.4091770056407,12,1940.4091770056407
B0033,186,3.3647395351261364,-1.7980109473876715,38.3556643629041,1.329778900445409,1943.390370882593,11,1943.390370882593
B0033,187,3.3724762289358954,-1.7871202282133007,38.587739723836165,1.3356045028702495,1951.904131819267,10,1951.904131819267
B0033,188,3.3682526298407933,-1.7864058289054177,37.84946765760722,1.3177489685711123,1925.809362672092,9,1925.809362672092
B0033,189,3.368834125820871,-1.7962891627935822,37.81892879614016,1.317605472474197,1925.5996519202438,8,1925.5996519202438
B0033,190,3.3643721242108837,-1.8053146501565176,37.98975162560657,1.3185279522072382,1926.9477995182588,7,1926.9477995182588
B0033,191,3.3599563575039135,-1.8145360631140475,38.110497566784815,1.3215397269813982,1931.3493237817354,6,1931.3493237817354
B0033,192,3.3696602072768207,-1.794060809034671,38.158711514227996,1.3046615372928705,1906.682883888887,5,1906.682883888887
B0033,193,3.3817276755972934,-1.7532558725802958,41.90171461734474,1.3280324770208678,1940.8380800727446,4,1940.8380800727446
B0033,194,3.379780519797374,-1.7969595693199287,40.72593783748325,1.3634549770713926,1992.605893118748,3,1992.605893118748
B0033,195,3.365666799367813,-1.8148752451997947,39.388005009279006,1.3291316747402466,1942.4444901780796,2,1942.4444901780796
B0033,196,3.3648038854052915,-1.813083056493043,38.64570917130626,1.3124201086917682,1918.0215605240573,1,1918.0215605240573
B0033,197,3.371817482414552,-1.8021170413093346,38.3036813037848,1.3152825503676357,1922.2048436158786,0,1922.2048436158786
B0038,1,2.883239659655731,-3.952127452371893,38.8265055747093,0.8980573709676724,100.0,46,100.0
B0038,2,3.1713316750997853,-2.99722690705762,40.49651673815248,1.1026236331914077,122.77875209724203,45,122.77875209724203
B0038,3,3.1803732612872655,-2.957884019744667,40.3082686076966,1.0885801879473431,121.21499395683142,44,121.21499395683142
B0038,4,3.2014600077361552,-2.890891500138237,39.93347404849829,1.0613249847591086,118.1800872716531,43,118.1800872716531
B0038,5,3.2011146598082543,-2.875691989787786,39.949996492029705,1.0347062057983545,115.21604735379441,42,115.21604735379441
B0038,6,3.1928056969575156,-2.899456239004,40.03056196708513,1.0269978594353013,114.35771172711308,41,114.35771172711308
B0038,7,3.0561380160526412,-3.65723892716497,39.44913263410249,1.0785019710989419,120.0927697900678,40,120.0927697900678
B0038,8,3.181450544509047,-2.9674515029911404,40.058567746287395,1.0638897478802845,118.46567739140372,39,118.46567739140372
B0038,9,3.192741049083457,-2.9319888511060146,39.916070861462195,1.0366551223324423,115.43306205653971,38,115.43306205653971
B0038,10,3.167665290347624,-2.994495446145827,40.27645391572808,1.030941327482094,114.7968226541292,37,114.7968226541292
B0038,11,3.1781927267469925,-2.9580193436340854,40.1754669430076,1.0140084541034655,112.91132247050697,36,112.91132247050697
B0038,12,3.1613474600189155,-3.001260117107958,40.41336717515726,1.008516095994519,112.29974037269194,35,112.29974037269194
B0038,13,3.608926624109929,-1.0022813853258807,44.29688064198706,1.7419245088095903,193.96583838876978,34,193.96583838876978
B0038,14,3.6118191487524745,-0.985523491989515,47.195451017988766,1.779741859708433,198.17685564906952,33,198.17685564906952
B0038,15,3.614149636005495,-0.9870171236405828,47.146072926598166,1.7815666306452766,198.38004655822908,32,198.38004655822908
B0038,16,3.6144683724527336,-0.9884125593394552,47.127641701986995,1.7834859577156017,198.59376643096473,31,198.59376643096473
B0038,17,3.6165883435722845,-0.9883512949484963,47.09918641441624,1.7864411650415675,198.92283308321896,30,198.92283308321896
B0038,18,3.6160610851845387,-0.9884509077751611,47.133209565495285,1.7859997608067948,198.87368207694226,29,198.87368207694226
B0038,19,3.6257089708628913,-1.003966417823918,47.15436113022586,1.7769523773001608,197.86624270846568,28,197.86624270846568
B0038,20,3.613285312724596,-0.9879674131883375,47.16342394557887,1.781428917321899,198.36471197852075,27,198.36471197852075
B0038,21,3.615119723068454,-0.9878892583593684,47.14213994735863,1.7859452772697197,198.86761525550787,26,198.86761525550787
B0038,22,3.6158365688729885,-0.9878187430421663,47.07812277465954,1.785208429691551,198.78556620140625,25,198.78556620140625
B0038,23,3.615503145763946,-0.9877368963424067,47.07326100880018,1.783596609584544,198.6060876781945,24,198.6060876781945
B0038,24,3.6139392243174577,-0.9892953816503839,47.08146790123274,1.7796783152744713,198.16977988353207,23,198.16977988353207
B0038,25,3.61791112455575,-0.9906537351245918,47.087615537529175,1.7841102592788645,198.6632833219168,22,198.6632833219168
B0038,26,3.615792342161085,-0.989093271752985,47.09422579980021,1.7833032331592193,198.5734197847159,21,198.5734197847159
B0038,27,3.6151540820598718,-0.9890153352338132,47.083185115341905,1.7796186141356956,198.16313207452723,20,198.16313207452723
B0038,28,3.616195897791123,-0.9888803362572581,47.06402084308688,1.7816592334352586,198.39035801415338,19,198.39035801415338
B0038,29,3.6135506508279374,-0.9888372175373165,47.07142767555465,1.7775911304124035,197.93736880050528,18,197.93736880050528
B0038,30,3.615401963428833,-0.990311695204241,47.094941474493815,1.777701881971679,197.9497011483993,17,197.9497011483993
B0038,31,3.6125287354843523,-0.9886847879265132,47.0995133510692,1.7789547618270618,198.0892111503085,16,198.0892111503085
B0038,32,3.6160020417093457,-0.9902725483840611,47.07452189489319,1.7807753731135043,198.29193887632013,15,198.29193887632013
B0038,33,3.6145930156040587,-0.9902807469221099,47.12153419194554,1.778415319026661,198.0291434065496,14,198.0291434065496
B0038,34,3.616664144234103,-0.9919115001416685,47.15829653400459,1.7789773899108463,198.0917308204895,13,198.0917308204895
B0038,35,3.616763225911199,-0.9933993302020114,47.161612217353984,1.7792479347236045,198.12185638055996,12,198.12185638055996
B0038,36,3.6149940792944446,-0.9915864068538186,47.155567707969865,1.7779204573685081,197.9740398380972,11,197.9740398380972
B0038,37,3.6159145027179576,-0.9915566919647099,47.13225621283967,1.779227040224144,198.1195297475256,10,198.1195297475256
B0038,38,3.6146610547862235,-0.9916693008676862,47.13346886842004,1.7760634320079352,197.76725735174315,9,197.76725735174315
B0038,39,3.6150827947076762,-0.9899169847459927,47.176385542899524,1.775103937963957,197.66041628846628,8,197.66041628846628
B0038,40,3.4389023365216986,-1.998396970742944,50.154407994251926,1.733064100138742,192.97921894136175,7,192.97921894136175
B0038,41,3.437169559941295,-1.9984033983725646,50.1979427615177,1.7394892806215223,193.69467217302525,6,193.69467217302525
B0038,42,3.4370308930893247,-1.99868797664225,50.18895736512512,1.7378064360392924,193.50728497075593,5,193.50728497075593
B0038,43,3.437230626486004,-1.9982781324264294,50.178407502665095,1.730028145799833,192.6411609912736,4,192.6411609912736
B0038,44,3.4363115548278413,-1.9983559715990522,50.182509844874,1.7290404566542985,192.53118036225544,3,192.53118036225544
B0038,45,3.4394075704239655,-1.998333813768599,50.173666427799,1.7286072907068815,192.48294670130898,2,192.48294670130898
B0038,46,3.0455602167949416,-3.967012008013358,58.41948951650429,1.52573884649634,169.893249119745,1,169.893249119745
B0038,47,3.0241360171924403,-3.9673854309358183,58.954810986890266,1.5301475534434217,170.38416507785703,0,170.38416507785703
B0025,1,3.400080836543819,-1.0680263652396946,33.13281956573637,1.847011162956716,100.0,27,100.0
B0025,2,3.4067357604110753,-1.0683949803553137,32.848310333012144,1.8485654344528386,100.08415062817673,26,100.08415062817673
B0025,3,3.407792325190085,-1.071886802134967,33.07297579198606,1.847111177186175,100.0054149228475,25,100.0054149228475
B0025,4,3.425685226676254,-1.069881568315977,33.12836651135456,1.8489837601535537,100.10679941932132,24,100.10679941932132
B0025,5,3.4102415310941074,-1.0696478002906964,33.20066590827124,1.8370120718560439,99.45863396490438,23,99.45863396490438
B0025,6,3.395651158058303,-1.0609975004031984,32.8030291471027,1.817549211247137,98.40488502178752,22,98.40488502178752
B0025,7,3.3987545550856617,-1.0700556397664167,32.70663040910488,1.839863822522073,99.61303209325484,21,99.61303209325484
B0025,8,3.4107861698937034,-1.0673189298080559,32.88774741633189,1.8430595619731431,99.78605429881392,20,99.78605429881392
B0025,9,3.4362212866947472,-1.0619524466901569,32.85054388832057,1.8401871729536057,99.63053877854281,19,99.63053877854281
B0025,10,3.429899192703782,-1.0617949104462787,33.21344988692114,1.8281265632888257,98.97755898574756,18,98.97755898574756
B0025,11,3.4061977189259807,-1.0616392954595641,32.54793058844526,1.8253563336445804,98.8275745297895,17,98.8275745297895
B0025,12,3.431364532702854,-1.0590758191027096,32.95568065114475,1.8214180552626154,98.61435013456384,16,98.61435013456384
B0025,13,3.437199999112006,-1.0596169539874956,33.31259035127085,1.830315627968932,99.09607828460237,15,99.09607828460237
B0025,14,3.4349851634526334,-1.0597552847363263,33.27639301328207,1.8175491643824844,98.40488248446378,14,98.40488248446378
B0025,15,3.4358715577304486,-1.059854592361014,33.13052620279671,1.810901200296979,98.04495157452477,13,98.04495157452477
B0025,16,3.437200278486185,-1.0604451363745762,33.262538649813465,1.8083032603084233,97.9042951431691,12,97.9042951431691
B0025,17,3.3887362465772446,-1.061164896269225,33.455906862521594,1.7928016149381065,97.0650124316612,11,97.0650124316612
B0025,18,3.3997812429989795,-1.0644657893096274,33.359161719231366,1.812563150045885,98.13493206745505,10,98.13493206745505
B0025,19,3.4092528162288933,-1.0636693462251967,33.19907517017467,1.807772607491239,97.87556479070416,9,97.87556479070416
B0025,20,3.413290161572333,-1.063944284256531,33.10915637159371,1.8048055175003972,97.71492201548172,8,97.71492201548172
B0025,21,3.418321145613461,-1.0644931821377202,32.8730319628199,1.800538555899242,97.48390220971484,7,97.48390220971484
B0025,22,3.4228002445936747,-1.0611486398597036,32.8903015920882,1.7942356098033032,97.14265109968642,6,97.14265109968642
B0025,23,3.4103062616510487,-1.057828326267502,32.07013291213046,1.807409052434889,97.85588136573946,5,97.85588136573946
B0025,24,3.4104689136383888,-1.0619681305424282,32.18349666127279,1.7902504816962075,96.92689018892308,4,96.92689018892308
B0025,25,3.4208452515825636,-1.0623591353414312,32.133961271398654,1.7961223845359495,97.24480395996615,3,97.24480395996615
B0025,26,3.426965494192803,-1.0638074812423732,32.19734869129393,1.7912236690350776,96.9795800350046,2,96.9795800350046
B0025,27,3.4343195510923628,-1.0603658561835867,32.128660226085096,1.7854822365303245,96.6687301267906,1,96.6687301267906
B0025,28,3.379891621690332,-1.0606190479243294,32.16680073898097,1.7677890780323617,95.71079555374561,0,95.71079555374561
B0036,1,3.3100621558905616,-1.9773749348609408,24.892073733003087,1.001982588175331,100.0,196,100.0
B0036,2,3.4631992414146664,-1.9856445663953957,25.959062630105592,1.8011007566288924,179.75369810655116,195,179.75369810655116
B0036,3,3.4699576163352273,-1.9861546605764795,25.802571879383937,1.8044229856020628,180.08526364595045,194,180.08526364595045
B0036,4,3.4705857000702847,-1.987051011427963,25.60229945293067,1.804388833772829,180.08185522053103,193,180.08185522053103
B0036,5,3.4698672359538234,-1.9874522127800511,25.340807182068417,1.7989248871784247,179.53654169324162,192,179.53654169324162
B0036,6,3.463667726287471,-1.9875372326723815,25.066700521969093,1.792996521672392,178.9448781677478,191,178.9448781677478
B0036,7,3.4626756481952126,-1.9873918540732374,24.87901399238054,1.7885507985621891,178.50118551653128,190,178.50118551653128
B0036,8,3.466538555244563,-1.9874986659392755,24.962178834594535,1.7890856930727703,178.5545691298688,189,178.5545691298688
B0036,9,3.465990459572376,-1.9873121102019284,24.97176766201835,1.7893137312833287,178.5773278297953,188,178.5773278297953
B0036,10,3.466849428071611,-1.9871920484366135,24.904899107239256,1.7860759459480868,178.2541899456193,187,178.2541899456193
B0036,11,3.467879751690846,-1.986994298783672,24.82894570331574,1.7836324249650817,178.0103213383359,186,178.0103213383359
B0036,12,3.4680189335962623,-1.9872186588415872,25.10525347823647,1.7829728738072719,177.94449672565366,185,177.94449672565366
B0036,13,3.470195201959518,-1.986822691116423,24.951154809529978,1.7813775963259668,177.78528462954228,184,177.78528462954228
B0036,14,3.471307979909313,-1.9870379004309504,24.904434158959226,1.7785359545932946,177.50168272206335,183,177.50168272206335
B0036,15,3.4716713367418284,-1.9869312681166182,24.887170444449442,1.7759043090943398,177.23903888673013,182,177.23903888673013
B0036,16,3.474226898019182,-1.986804032971213,25.527212929862493,1.7780426649905914,177.45245136729483,181,177.45245136729483
B0036,17,3.4759464645675298,-1.9866252110882103,26.409994049975936,1.7830029333591655,177.94749673306382,180,177.94749673306382
B0036,18,3.4817927176696424,-1.9868092429179038,27.24956363748299,1.7883000424613877,178.4761595226906,179,178.4761595226906
B0036,19,3.4752876993515778,-1.9866026335678093,25.79213906476866,1.779294712578026,177.5774083877272,178,177.5774083877272
B0036,20,3.47360641557491,-1.9863244377080878,25.237865068781456,1.7709235500451854,176.74194850732297,177,176.74194850732297
B0036,21,3.474225056890293,-1.9862809909576005,24.99097283085835,1.7659050180801104,176.24108831031953,176,176.24108831031953
B0036,22,3.476093760887936,-1.9858147027956174,32.801252523370806,1.7826929241469245,177.9165571522867,175,177.9165571522867
B0036,23,3.478693083596387,-1.9840774818957672,31.56958368042232,1.7964662072920203,179.29116019505793,174,179.29116019505793
B0036,24,3.4750535971066037,-1.9825278870850223,30.90999308530252,1.7909083533422898,178.73647451335844,173,178.73647451335844
B0036,25,3.473958373265381,-1.982424743717115,30.76520980990786,1.78518002808874,178.16477543184232,172,178.16477543184232
B0036,26,3.473907031933396,-1.9820980837755804,30.827871356237775,1.7811343176546524,177.76100489911727,171,177.76100489911727
B0036,27,3.4760652075601257,-1.9821566894712763,31.04477819361822,1.7755577789223567,177.20445443625437,170,177.20445443625437
B0036,28,3.4762696586688855,-1.9821407736423282,31.495558048290054,1.776885870616115,177.33700082073565,169,177.33700082073565
B0036,29,3.4773296157781552,-1.9819851541329787,31.22858520243483,1.7713083410378214,176.78035146932817,168,176.78035146932817
B0036,30,3.4741834201518116,-1.981820086973132,30.77808307184711,1.7713348840874137,176.7830005223063,167,176.7830005223063
B0036,31,3.4723504122251145,-1.9817861525113654,30.558421734854203,1.7660842866405053,176.2589796951111,166,176.2589796951111
B0036,32,3.4751627339527484,-1.9817252941957082,30.72558468538039,1.7592793663412327,175.5798341311483,165,175.5798341311483
B0036,33,3.476326267904414,-1.9817660120442022,31.23295964013785,1.7610368813762423,175.75523788124835,164,175.75523788124835
B0036,34,3.475057563311369,-1.9816902385826145,31.072817634800376,1.760242767365706,175.67598360877818,163,175.67598360877818
B0036,35,3.4727432532131424,-1.981485223109768,30.6408857593701,1.7555899416034397,175.2116216710384,162,175.2116216710384
B0036,36,3.472459772164966,-1.98155009393224,30.615000516436165,1.7545602176655593,175.10885302515248,161,175.10885302515248
B0036,37,3.4727100432360887,-1.9813008900975513,30.62198587167864,1.7499108336094897,174.6448345770339,160,174.6448345770339
B0036,38,3.4792060334218475,-1.9813367014782532,32.233363947568954,1.7610225525303758,175.7538078318607,159,175.7538078318607
B0036,39,3.483370799287766,-1.9812253431229576,32.95844838713035,1.7624094574337117,175.89222390013407,158,175.89222390013407
B0036,40,3.481411230676488,-1.9811725960467894,32.33796562819801,1.7536170397120676,175.01472185315185,157,175.01472185315185
B0036,41,3.4750001030504976,-1.981126497626356,31.201004004004968,1.7462044775191679,174.2749323318191,156,174.2749323318191
B0036,42,3.4729861560107773,-1.981010008821274,30.844212128034435,1.7406176172769725,173.71735176024757,155,173.71735176024757
B0036,43,3.4793522768122993,-1.9808915610510243,32.19294879984907,1.750690404425682,174.72263740768108,154,174.72263740768108
B0036,44,3.4863598949467836,-1.9811169585618567,33.06146735060497,1.765112055153915,176.16194891852237,153,176.16194891852237
B0036,45,3.4833864674331436,-1.9811266494742925,32.35366819628823,1.7631888267564881,175.97000662130847,152,175.97000662130847
B0036,46,3.521360251690921,-1.9836817212075872,34.70040609904863,1.9854929528970957,198.1564326893938,151,198.1564326893938
B0036,47,3.481761447167762,-1.9822350506501858,32.421923396380706,1.7653557308133239,176.18626826920615,150,176.18626826920615
B0036,48,3.4797578588851743,-1.9820268271645947,31.609192155405946,1.7571880383127276,175.3711151321172,149,175.3711151321172
B0036,49,3.4759650916373124,-1.9820222805220724,31.31596403602263,1.7573770661844437,175.38998051699983,148,175.38998051699983
B0036,50,3.4781154314639453,-1.9821008022150315,31.998588265349394,1.7617376127979814,175.8251723721276,147,175.8251723721276
B0036,51,3.4830514284703322,-1.981813383736276,32.98892411466723,1.7606892547636663,175.72054400366224,146,175.72054400366224
B0036,52,3.4809173250237535,-1.9819214923373463,32.83558656237567,1.760669562156983,175.71857863950163,145,175.71857863950163
B0036,53,3.478940078791892,-1.981676320977873,31.97863874379167,1.752963802649152,174.949527400611,144,174.949527400611
B0036,54,3.4777534118948465,-1.9818237973110902,31.7958885352369,1.750535708024147,174.7071983767677,143,174.7071983767677
B0036,55,3.4766647808370212,-1.9816263251080133,31.804649399184477,1.7500761995337284,174.6613384490762,142,174.6613384490762
B0036,56,3.4791247798630294,-1.98151142532868,32.18425444090601,1.7465957802278385,174.31398517697713,141,174.31398517697713
B0036,57,3.4818392989655798,-1.9814622792671595,33.27019350164624,1.753614286788707,175.01444710552718,140,175.01444710552718
B0036,58,3.4813626313858914,-1.9813436819375347,32.91813190932092,1.750725029920349,174.7260931059213,139,174.7260931059213
B0036,59,3.473301690187071,-1.981529747622425,31.48100878915281,1.7433053490810113,173.9855931284866,138,173.9855931284866
B0036,60,3.4736758521826694,-1.9810876831465265,31.127100398792322,1.7336625052776187,173.0232167441871,137,173.0232167441871
B0036,61,3.4715154587275445,-1.981234977739969,30.925481627228724,1.7319207051538927,172.8493813757604,136,172.8493813757604
B0036,62,3.476844269698795,-1.9812570591809957,32.53816915596416,1.7428604522751463,173.94119147808718,135,173.94119147808718
B0036,63,3.4828021334350594,-1.980916655360661,33.5082870689835,1.743306971099712,173.98575500941348,134,173.98575500941348
B0036,64,3.4787179923634985,-1.9810059695302538,32.72223824057796,1.738524506272696,173.50845481643057,133,173.50845481643057
B0036,65,3.47116141622232,-1.9809786114709511,31.339643544788586,1.7295622663746972,172.6140041539376,132,172.6140041539376
B0036,66,3.469009856426531,-1.981059447271351,31.09122546658414,1.7273036765742085,172.38859207321454,131,172.38859207321454
B0036,67,3.4757008802735143,-1.9810177631821901,32.074525923461515,1.7449370491071912,174.14844027228295,130,174.14844027228295
B0036,68,3.4820950413929173,-1.9810749842802888,33.167208512161885,1.7642432071133693,176.07523603041443,129,176.07523603041443
B0036,69,3.480244357608362,-1.9809975649315257,32.14047774193924,1.7504882032049596,174.70245729446268,128,174.70245729446268
B0036,70,3.473582906957752,-1.9807582643680772,31.245399132402053,1.7442710815479923,174.08197528905288,127,174.08197528905288
B0036,71,3.4722242034096427,-1.9805282406081717,30.941808328244683,1.7365413923373951,173.31053581477283,126,173.31053581477283
B0036,72,3.4700774937906473,-1.9804746484714413,30.729579296950984,1.733223093105756,172.97936247196236,125,172.97936247196236
B0036,73,3.4765508294649767,-1.98039190119071,32.241219078736684,1.73860622908762,173.5166109277132,124,173.5166109277132
B0036,74,3.478023823464381,-1.9805091135572959,33.273484981762124,1.7432134953746192,173.97642593262154,123,173.97642593262154
B0036,75,3.4748978056910036,-1.9805025193431716,31.82186022608825,1.7332698214832971,172.9840260637346,122,172.9840260637346
B0036,76,3.468132135397358,-1.9804477654001484,30.953485299150877,1.7298906291663272,172.64677546109453,121,172.64677546109453
B0036,77,3.4677152773874327,-1.9802957447258618,30.594113322212998,1.7204403348841348,171.70361592980947,120,171.70361592980947
B0036,78,3.464870080840597,-1.980207910561322,30.621050708667628,1.724420729012913,172.1008677559142,119,172.1008677559142
B0036,79,3.4658543618027586,-1.9800833052331595,30.73760557478901,1.7214872814061166,171.80810342633256,118,171.80810342633256
B0036,80,3.463489697714707,-1.980268967910438,30.475687104433288,1.7197448773569262,171.63420778485605,117,171.63420778485605
B0036,81,3.4657104202129614,-1.980057929657538,30.665478038053948,1.7164304142145894,171.30341729194214,116,171.30341729194214
B0036,82,3.4645909946616262,-1.9800230190313004,30.48169086494209,1.7112029253299619,170.781702748564,115,170.781702748564
B0036,83,3.4629772764216105,-1.9800140007357074,30.501790386236014,1.7102343231599222,170.68503418551003,114,170.68503418551003
B0036,84,3.4616288821771044,-1.980072672691808,30.48295279202987,1.713096882151029,170.97072368000715,113,170.97072368000715
B0036,85,3.4628964155593924,-1.9799210298032588,30.592002581671938,1.7103708617208135,170.698661025188,112,170.698661025188
B0036,86,3.4611295820153054,-1.9796449702564978,30.424569049276556,1.7064617296121434,170.3085213007254,111,170.3085213007254
B0036,87,3.4632231738970973,-1.9797208473969017,30.570652220376168,1.7029429979110946,169.9573443698511,110,169.9573443698511
B0036,88,3.4594353969848526,-1.9798193556242383,30.460459721443804,1.7072612643840062,170.388316576741,109,170.388316576741
B0036,89,3.4619323762511636,-1.9796708243361156,30.547691944309644,1.7038637196766078,170.04923436638188,108,170.04923436638188
B0036,90,3.4640211108291785,-1.9796986341756921,31.189572257243857,1.7079617948422274,170.45823101103244,107,170.45823101103244
B0036,91,3.4674082899150327,-1.9795447080949824,31.898081785720198,1.7113022833627787,170.79161889221652,106,170.79161889221652
B0036,92,3.467669094088933,-1.9794620575291975,32.32306890954346,1.714122057472244,171.0730383642455,105,171.0730383642455
B0036,93,3.4590063160949422,-1.979668515306621,30.83436798904695,1.7053324925701605,170.1958210347418,104,170.1958210347418
B0036,94,3.4580229191527696,-1.9792552718561545,30.287043848864634,1.6934609472531408,169.0110154845138,103,169.0110154845138
B0036,95,3.4563349020618155,-1.9792443099751138,30.072000414523774,1.6905244127230223,168.71794307339874,102,168.71794307339874
B0036,96,3.460450149170936,-1.9791194191351382,31.093661069729663,1.7007774858498304,169.74122164608127,101,169.74122164608127
B0036,97,3.463960681885895,-1.9791613878366452,31.607623511235108,1.6971104467944576,169.3752433248361,100,169.3752433248361
B0036,98,3.4630674142567415,-1.979091763193608,31.68782676208534,1.6997924522951837,169.6429131957877,99,169.6429131957877
B0036,99,3.456673276206162,-1.9790766827277793,30.64130472367544,1.6912704773954121,168.79240191941008,98,168.79240191941008
B0036,100,3.455027058159508,-1.979038060944376,30.35775664232519,1.6857127009469863,168.23772397250613,97,168.23772397250613
B0036,101,3.456388317029322,-1.9788327303856925,30.46760275047682,1.6832093771286156,167.9878869146657,96,167.9878869146657
B0036,102,3.462072409842235,-1.9788745442826565,31.690335464880064,1.692886364169521,168.9536708669126,95,168.9536708669126
B0036,103,3.466006130026554,-1.9787981178503085,32.58002111430288,1.6984668174144633,169.51061200648914,94,169.51061200648914
B0036,104,3.4601239314707923,-1.9788051627908367,31.69291039725797,1.6935813413828429,169.02303107551535,93,169.02303107551535
B0036,105,3.453593464720813,-1.978575532876541,30.608400390292736,1.6830951253781283,167.97648434621436,92,167.97648434621436
B0036,106,3.4519795194744436,-1.9787606413982342,30.399652022711006,1.6850462226942986,168.17120802097634,91,168.17120802097634
B0036,107,3.4544340644325837,-1.9785255298300461,30.547315574796166,1.6803098840017598,167.69851131462298,90,167.69851131462298
B0036,108,3.4638257834252806,-1.9786658818521448,32.47851626978816,1.6944038437227715,169.10511856382456,89,169.10511856382456
B0036,109,3.4669219935055278,-1.978303548943712,33.085111849545555,1.6955686127180103,169.22136499454945,88,169.22136499454945
B0036,110,3.4626538753824714,-1.9783071872539106,32.12056072268224,1.6841854728350405,168.08530334863812,87,168.08530334863812
B0036,111,3.4554390863736857,-1.978252788411394,30.90915966232928,1.6722180144870118,166.89092547328778,86,166.89092547328778
B0036,112,3.453636642746737,-1.9782840417249774,30.586499493516442,1.6675976965747183,166.4298078883298,85,166.4298078883298
B0036,113,3.4530724754532334,-1.978213800283229,31.078305845971443,1.6781873787039017,167.4866807575947,84,167.4866807575947
B0036,114,3.626510481777051,-1.9837057741381123,33.98757612493629,2.4440624320786557,243.9226450560819,83,243.9226450560819
B0036,115,3.466145279289297,-1.9781440584613479,32.26010764297862,1.6913403148932205,168.79937185068755,82,168.79937185068755
B0036,116,3.4640146950069006,-1.9784600594573567,31.42619925446257,1.6802787096613283,167.69540004893838,81,167.69540004893838
B0036,117,3.4626259258314476,-1.9781834973907693,31.20956154006514,1.673147301023026,166.98367025218724,80,166.98367025218724
B0036,118,3.4609363258654184,-1.97816336280146,31.078110221174402,1.6704292090032429,166.71239886964426,79,166.71239886964426
B0036,119,3.4616449511434926,-1.9778390299632154,31.053614094154142,1.6659903350115992,166.26938977507234,78,166.26938977507234
B0036,120,3.46014320685645,-1.9780641124929104,31.06053283354067,1.664241575272447,166.094859822178,77,166.094859822178
B0036,121,3.4580980197093147,-1.9780348126637537,30.97728291917627,1.6668450767774965,166.3546948268751,76,166.3546948268751
B0036,122,3.459389982444422,-1.9777931454666962,30.93918723715448,1.6594501560667536,165.61666596309917,75,165.61666596309917
B0036,123,3.455631406481116,-1.9775654046883246,30.926289651305336,1.662412523067319,165.91231650987763,74,165.91231650987763
B0036,124,3.4549175745634897,-1.9777096278151205,30.863054927475556,1.6603526083225701,165.70673262358474,73,165.70673262358474
B0036,125,3.4567232383364708,-1.977833418220376,31.038017243387284,1.6610231379633236,165.77365291228702,72,165.77365291228702
B0036,126,3.4566056806279244,-1.977513435934886,31.04050751190746,1.6575187557321613,165.4239080891216,71,165.4239080891216
B0036,127,3.457263997632369,-1.9773123626836613,30.957302786226403,1.6507877959674548,164.75214394430105,70,164.75214394430105
B0036,128,3.4540018182289085,-1.9773999985000372,30.945276932009087,1.6532570062110141,164.99857639459503,69,164.99857639459503
B0036,129,3.454729708764956,-1.9775454272489617,30.888914324823496,1.6494214846772686,164.6157831625559,68,164.6157831625559
B0036,130,3.4602322781016106,-1.977556174123632,32.321489418619095,1.6678591915666705,166.45590564641844,67,166.45590564641844
B0036,131,3.4653467037084007,-1.9769835735935626,33.23510488083581,1.670862764324967,166.75566861572972,66,166.75566861572972
B0036,132,3.4612961227490118,-1.9774113966642073,32.672384089467116,1.6658118164053368,166.2515732373032,65,166.2515732373032
B0036,133,3.4568319834213184,-1.9773199609696597,31.627875999689845,1.6532998517617,165.00285247196317,64,165.00285247196317
B0036,134,3.454274871932744,-1.9771073220010116,31.234092745007935,1.6468787023528522,164.3620080616286,63,164.3620080616286
B0036,135,3.459039144301172,-1.9761775564887942,31.95070753872921,1.6718953249703756,166.858720371079,62,166.858720371079
B0036,136,3.466556169993412,-1.9775382652377453,32.94223311807837,1.6807743463585727,167.74486564874957,61,167.74486564874957
B0036,137,3.4591810827626084,-1.977527154273711,31.941852555671353,1.6737717086703074,167.0459874675411,60,167.0459874675411
B0036,138,3.4577876655294553,-1.9769664559960938,31.44720711271493,1.6605773762487392,165.72916494215212,59,165.72916494215212
B0036,139,3.454417180570097,-1.9771854714072983,31.12482497372082,1.655987781146086,165.27111355914244,58,165.27111355914244
B0036,140,3.4527482715790674,-1.9768884059107226,30.75545169222773,1.6468623183898439,164.36037290716564,57,164.36037290716564
B0036,141,3.460599249296477,-1.9767960110088925,32.32491302674166,1.6574621175432847,165.4182554770358,56,165.4182554770358
B0036,142,3.4634741461937795,-1.9766590715947012,32.9527098749988,1.6603991175216894,165.71137434088286,55,165.71137434088286
B0036,143,3.458931693641407,-1.9763441035961147,31.963338156822648,1.6460789092837111,164.28218700699352,54,164.28218700699352
B0036,144,3.4515443093644445,-1.976398819741924,31.192560893948695,1.6408366462659327,163.75899797360674,53,163.75899797360674
B0036,145,3.451340191696518,-1.9763560129084317,31.01189616418059,1.6344408920281601,163.12068805552528,52,163.12068805552528
B0036,146,3.4541105051819967,-1.9764726236625383,31.59342641124915,1.6374039186504212,163.41640443395625,51,163.41640443395625
B0036,147,3.456542656900933,-1.9761971299509842,32.451352345308976,1.64738207540524,164.41224576618833,50,164.41224576618833
B0036,148,3.462836576734922,-1.976435899887901,33.70907658061942,1.6545646441622355,165.12908145193367,49,165.12908145193367
B0036,149,3.455642847223531,-1.9764723723079625,32.3628652503866,1.640896560729935,163.7649775649399,48,163.7649775649399
B0036,150,3.453765407751183,-1.9762622330108464,31.558941182174713,1.6265229979339635,162.3304653323325,47,162.3304653323325
B0036,151,3.4500406564088526,-1.9761878164815234,31.135887556686384,1.6217349144630457,161.85260438670096,46,161.85260438670096
B0036,152,3.447400483446299,-1.9763905482451505,31.04112225235265,1.6248200059639546,162.16050310044278,45,162.16050310044278
B0036,153,3.449026045033965,-1.9763256382870518,31.054879323980543,1.61880119736137,161.5598131609554,44,161.5598131609554
B0036,154,3.450376630404453,-1.975971961224962,31.10833607101402,1.6137350490334217,161.05420074934912,43,161.05420074934912
B0036,155,3.447000121773302,-1.9758050203647282,30.944663670795183,1.612012823654141,160.88231898218018,42,160.88231898218018
B0036,156,3.4669760884346075,-1.9763325577592548,32.6791979812127,1.6671032556887178,166.380461633032,41,166.380461633032
B0036,157,3.4736386683731344,-1.9764828677632524,33.03296653786076,1.6850133383886254,168.16792609711246,40,168.16792609711246
B0036,158,3.467958204671299,-1.9762113672371753,32.14080730031082,1.6786654987614698,167.53439815939495,39,167.53439815939495
B0036,159,3.4632760700749996,-1.9764506704962272,31.54659714469647,1.6729763502191373,166.96660899724068,38,166.96660899724068
B0036,160,3.4628276335315356,-1.976336702286546,31.32211217550974,1.666489034299654,166.31916102798036,37,166.31916102798036
B0036,161,3.4646012546935614,-1.9761771069613194,31.944476209251814,1.6698420840710908,166.65380254880188,36,166.65380254880188
B0036,162,3.4679372219489957,-1.9760041905736139,32.95970790517297,1.6746744228027035,167.13608026386802,35,167.13608026386802
B0036,163,3.462497796397771,-1.975873938296025,31.94954978552722,1.6665045335145643,166.3207078826955,34,166.3207078826955
B0036,164,3.4597555835668237,-1.976044015388604,31.016509562928245,1.6522220848347273,164.89528903326757,33,164.89528903326757
B0036,165,3.4575027462160053,-1.9757551706068877,30.717850318637232,1.6462718275099526,164.30144065755775,32,164.30144065755775
B0036,166,3.4593887120996203,-1.9758263113357128,30.879779806825745,1.642399234692521,163.91494763231626,31,163.91494763231626
B0036,167,3.459697403340653,-1.9759776263748132,31.650221324336044,1.651178607099992,164.79114772911223,30,164.79114772911223
B0036,168,3.4641295904583864,-1.975719002321735,32.06625589927076,1.6481683120281931,164.49071385857155,29,164.49071385857155
B0036,169,3.460169463632063,-1.975704650691821,31.895952062496796,1.6478887725428397,164.46281522154408,28,164.46281522154408
B0036,170,3.4561756716228116,-1.9757629054586396,30.985495506316067,1.635843650915682,163.26068638524438,27,163.26068638524438
B0036,171,3.452053305545746,-1.9757208321303017,30.72140290899611,1.6332362811945516,163.00046532432967,26,163.00046532432967
B0036,172,3.4498706612134633,-1.9753838232885894,30.525764579406868,1.629926467682987,162.6701388744867,25,162.6701388744867
B0036,173,3.4562888987795763,-1.9753747226034408,31.861104818689885,1.6387862629287224,163.55436534212117,24,163.55436534212117
B0036,174,3.4606240664312637,-1.9753588071492805,32.31201872670814,1.6359654863840773,163.2728458249226,23,163.2728458249226
B0036,175,3.456019242182233,-1.975257971644178,31.793010248024903,1.631137043967566,162.79095697041623,22,162.79095697041623
B0036,176,3.450712115143618,-1.9752191259041325,31.01748043918613,1.6220189720888463,161.88095394378436,21,161.88095394378436
B0036,177,3.457628617948717,-1.974872083562542,32.52627247756125,1.6416044978422155,163.83563119910832,20,163.83563119910832
B0036,178,3.453055943057908,-1.9750892690302662,30.971239918679984,1.6253090231457805,162.20930805849264,19,162.20930805849264
B0036,179,3.450668341610227,-1.9750429933939881,30.76463270446893,1.6196134522239483,161.64087792916234,18,161.64087792916234
B0036,180,3.450902810317066,-1.9749799926549043,30.660177115279623,1.6124236174774371,160.92331708216156,17,160.92331708216156
B0036,181,3.4500594839606094,-1.9747546184485705,30.586674094126863,1.6077701029913394,160.45888640831402,16,160.45888640831402
B0036,182,3.449110812692783,-1.9749280525665507,30.83253477381729,1.6088077531981582,160.56244611275045,15,160.56244611275045
B0036,183,3.4458169090139847,-1.9747449903353,30.68860522383244,1.6083556258734268,160.51732284114203,14,160.51732284114203
B0036,184,3.4453799620249113,-1.9747270429184278,30.620490468656016,1.6068202519011539,160.3640892430344,13,160.3640892430344
B0036,185,3.445133112798374,-1.9748519715505966,30.598226708173872,1.601770977206713,159.86016085605158,12,159.86016085605158
B0036,186,3.4458558996634645,-1.9743987343803497,30.522404975221356,1.594911734692208,159.17559381911371,11,159.17559381911371
B0036,187,3.4444897117952333,-1.9743953769070435,30.572012594415884,1.5938139125387372,159.06602882602635,10,159.06602882602635
B0036,188,3.4452529094036595,-1.9745565504466334,30.525594309542488,1.5920273129504596,158.8877223754591,9,158.8877223754591
B0036,189,3.4433682977623126,-1.9743485288471663,30.460152624234137,1.5847361549778751,158.1600492543261,8,158.1600492543261
B0036,190,3.444044633354944,-1.9740794817151763,30.42634729502671,1.5763429363936798,157.32238813294077,7,157.32238813294077
B0036,191,3.4436657042772842,-1.9739791964844613,30.477932880980596,1.5720229174642286,156.89124102714942,6,156.89124102714942
B0036,192,3.4414697554582165,-1.9739892815959978,30.47370962894708,1.5729874285512353,156.98750129138844,5,156.98750129138844
B0036,193,3.4563046908197936,-1.9743635806531243,33.14386747805384,1.596985400389019,159.38255007975965,4,159.38255007975965
B0036,194,3.452089547010762,-1.9739686530082488,32.934539010545976,1.595726023703856,159.25686159973762,3,159.25686159973762
B0036,195,3.4477573593842226,-1.9740791048008228,31.954024468442526,1.579500338340559,157.63750358346263,2,157.63750358346263
B0036,196,3.4451953986146564,-1.9736801463901485,31.19189073934152,1.5629469877520186,155.9854438786443,1,155.9854438786443
B0036,197,3.4432584336378476,-1.9737323749924904,30.99297651094941,1.5591129431541175,155.60279804795346,0,155.60279804795346
B0041,1,4.033096790443365,-0.2538350206461251,7.85677103517608,0.055620243768194036,100.0,5,100.0
B0041,2,4.014033100816979,-0.2930461777610191,7.793067309492065,0.05569747261227687,100.13885024381537,4,100.13885024381537
B0041,3,4.039068503173861,-0.2593091510630079,7.471857159027487,0.05583901629185397,100.3933325509534,3,100.3933325509534
B0041,4,4.035518711643437,-0.2611726955181682,7.8427380417497545,0.056148059974053,100.94896420817341,2,100.94896420817341
B0041,5,3.980423400468268,-0.3928841337322561,8.729861757639965,0.05647053159913906,101.5287380517222,1,101.5287380517222
B0041,6,4.032988865305357,-0.26035562315085287,7.667746337954232,0.044092291840801906,79.27381984257988,0,79.27381984257988
B0041,7,4.033685949693059,-0.2642055168350503,7.7591749084721195,0.05677191308141789,102.07059378959865,-1,102.07059378959865
B0041,8,4.032799639644717,-0.2665742084454271,7.595487830652279,0.056938376500757296,102.36987945981824,-2,102.36987945981824
B0041,9,4.024475259565998,-0.27030775710016475,8.243992753511499,0.04440148411312257,79.82971865095129,-3,79.82971865095129
B0041,10,4.057419271798581,-0.22596311803692998,7.468945958924572,0.04463435818491618,80.24840446751145,-4,80.24840446751145
B0041,11,4.0272103363763785,-0.27202714166048747,7.530653071201209,0.04479872243657484,80.54391603043028,-5,80.54391603043028
B0041,12,4.050486744587676,-0.23602951698570515,7.508014036482144,0.04670898780785478,83.9783946336548,-6,83.9783946336548
B0041,13,4.0253168657448795,-0.27348921678770266,7.7964600722995465,0.04495371533089529,80.82257876870668,-7,80.82257876870668
B0041,14,4.052602606442854,-0.2334393540995563,7.8034524490998285,0.045219329019542696,81.30012735650934,-8,81.30012735650934
B0041,15,4.05448270357176,-0.23474919435723154,7.338169121535551,0.04540222414694979,81.62895570211914,-9,81.62895570211914
B0041,16,4.049754413243471,-0.23568926542344776,7.996082185455724,0.04567901224974174,82.12659484218747,-10,82.12659484218747
B0041,17,4.05160764529163,-0.23708766412975693,7.616516148546487,0.04552080257033988,81.84214862497701,-11,81.84214862497701
B0041,18,4.046009584492231,-0.23747574678748198,8.204866825805862,0.045728541460242564,82.21564373364369,-12,82.21564373364369
B0041,19,3.9895918681265607,-0.3840869068940257,8.60158441430347,0.045860512192502,82.4529147761969,-13,82.4529147761969
B0041,20,3.985571015537921,-0.3994046475100103,8.142046999932631,0.045983556030275076,82.67413609677558,-14,82.67413609677558
B0041,21,3.980535614492745,-0.40701282792967935,8.360837093570488,0.04612876296673401,82.93520459741737,-15,82.93520459741737
B0041,22,4.044423526176633,-0.22708609506318292,7.424942900733046,0.0463714545530443,83.37154138752881,-16,83.37154138752881
B0041,23,4.046519260018804,-0.22827621606261203,7.9013472750820934,0.04642385425314327,83.46575115100514,-17,83.46575115100514
B0041,24,4.0486772026987,-0.2361895202725738,7.528844792233565,0.046579469530564604,83.74553287592867,-18,83.74553287592867
B0041,25,3.987337891451254,-0.3826962842101839,8.9516558822886,0.04672600894839656,84.0089970535448,-19,84.0089970535448
B0041,26,4.044136561678348,-0.23064748794571008,8.178079824357086,0.046863472432443716,84.25614355045707,-20,84.25614355045707
B0041,27,4.04413456868279,-0.24064511559111762,7.858156748807482,0.047123070484888584,84.72287658659187,-21,84.72287658659187
B0041,28,4.043477180478885,-0.2402450705851821,7.290664996377678,0.047089685801538064,84.66285404607648,-22,84.66285404607648
B0041,29,4.04227054005478,-0.24333347418814677,7.329912113720836,0.04716816990682447,84.80396113221853,-23,84.80396113221853
B0041,30,4.040909605277031,-0.24301113896312274,7.554859379508905,0.047416623395846624,85.25065728489565,-24,85.25065728489565
B0041,31,4.034959849871617,-0.2444397899790283,7.849809440149771,0.04747365818614322,85.3532005073495,-25,85.3532005073495
B0041,32,4.036614663983007,-0.24859607381512622,7.70135529903965,0.04767107168829607,85.70813153385775,-26,85.70813153385775
B0041,33,4.037642497951333,-0.2455503892791554,7.894047750295666,0.04775614866793622,85.86109199191458,-27,85.86109199191458
B0041,34,4.034094593369476,-0.2514955135210832,8.037186019526875,0.04783369052905227,86.00050501110094,-28,86.00050501110094
B0041,35,4.012161986962798,-0.29997684312829737,7.949369169721323,0.047922817158937946,86.16074636181692,-29,86.16074636181692
B0041,36,3.9650186584361826,-0.4022840734511658,9.047225819573063,0.048108024971614455,86.49373269939645,-30,86.49373269939645
B0041,37,3.340751046871069,-1.943108082149396,6.867303793453594,0.04808782735825877,86.45741927826175,-31,86.45741927826175
B0041,38,3.376535267030834,-1.962068668738532,7.376798555753924,0.04842261926326617,87.05934383364972,-32,87.05934383364972
B0041,39,3.516920360081993,-1.7719212345736952,6.443867741135219,0.04798649525462829,86.27523362648216,-33,86.27523362648216
B0041,40,3.356583779630796,-1.9559507912713312,8.159447293088878,0.04822175200495124,86.69820327635178,-34,86.69820327635178
B0041,41,3.506509095784585,-1.7607054829879765,5.5290205453691215,0.04787731566765343,86.078938933079,-35,86.078938933079
B0041,42,3.5159000773941735,-1.7681339646442331,7.124961498497141,0.04829032055579415,86.82148312231699,-36,86.82148312231699
B0041,43,3.3112454225976364,-0.854360956636137,9.154846882609299,1.2156494086360898,2185.624021538806,-37,2185.624021538806
B0041,44,3.3541760641303275,-0.7981740885950975,8.881539906101905,1.1476416320946565,2063.3523953574,-38,2063.3523953574
B0041,45,3.3570606628058544,-0.7810567570267977,8.750669611128531,1.1194574527298193,2012.6798749666243,-39,2012.6798749666243
B0041,46,3.360601023233454,-0.7613195099194562,8.86215516188506,1.0841325641850128,1949.1690268444397,-40,1949.1690268444397
B0041,47,3.376453566741124,-0.7425489892830268,8.671218071184748,1.0607784232892656,1907.1804642033283,-41,1907.1804642033283
B0041,48,3.3670420302190878,-0.7321893718076325,8.757399436040695,1.0170312865626592,1828.5272009977057,-42,1828.5272009977057
B0041,49,3.364330094542419,-0.7199523659573055,8.639658664137915,1.0000374999808574,1797.9739609712396,-43,1797.9739609712396
B0041,50,3.3751162200711295,-0.7118463228821923,8.65548107609068,0.991506494786248,1782.636010943254,-44,1782.636010943254
B0041,51,3.3621759630641312,-0.7087128423143153,8.759984675272241,0.9655644425371017,1735.994625556193,-45,1735.994625556193
B0041,52,3.368210631607209,-0.6979025722864983,8.830297151200996,0.9383311962439673,1687.0317939536683,-46,1687.0317939536683
B0041,53,3.370853913355754,-0.6933558264284685,8.799768115250679,0.9298903389240268,1671.855921379073,-47,1671.855921379073
B0041,54,3.3581793261108124,-0.6902880247189804,8.745105198865453,0.9072117399448598,1631.0819199674943,-48,1631.0819199674943
B0041,55,3.37598164284238,-0.6857268851295145,8.946917298516645,0.9176870676937323,1649.9155802307073,-49,1649.9155802307073
B0041,56,3.375216189144452,-0.6851603503311268,9.040543925569377,0.9157430721963028,1646.4204580130995,-50,1646.4204580130995
B0041,57,3.378276210248986,-0.6819162824683657,8.532733645586704,0.9111662690050432,1638.191793625482,-51,1638.191793625482
B0041,58,3.3576825497066554,-0.6894186362655551,8.782675041661408,0.8968901443572698,1612.5246557623839,-52,1612.5246557623839
B0041,59,3.372443445163586,-0.6747860827784834,8.560357801003482,0.8862133472800153,1593.3287724761624,-53,1593.3287724761624
B0041,60,3.3616482008091766,-0.6895848665473618,8.764133478033603,0.8931124136187014,1605.7326489630025,-54,1605.7326489630025
B0041,61,3.355787384613788,-0.6897175362541831,8.765404824218605,0.880898507091054,1583.7731865439762,-55,1583.7731865439762
B0041,62,3.3727607964555295,-0.6799724655286791,8.755093905294753,0.8798879382023741,1581.9562781303928,-56,1581.9562781303928
B0041,63,3.3509928631825083,-0.6917951426190972,8.893802155578395,0.8682347537115443,1561.0049415282085,-57,1561.0049415282085
B0041,64,3.3532732844068915,-0.6809063812932633,8.81827276383748,0.8443569490395516,1518.0748803592803,-58,1518.0748803592803
B0041,65,3.3628002392609977,-0.68532451408367,8.817889726396931,0.8657093203148538,1556.4644483092004,-59,1556.4644483092004
B0041,66,3.3571560938046225,-0.6877787777947552,8.813349159884925,0.848696904019178,1525.8777137983311,-60,1525.8777137983311
B0041,67,3.353212474513757,-0.6879305049076954,8.798028132789177,0.8364948433646345,1503.9395491520247,-61,1503.9395491520247
B0030,1,3.3464479682177357,-3.881093691840246,52.450611378612734,1.6560706096175404,100.0,39,100.0
B0030,2,3.3780751936361146,-3.7838858314888455,54.113241117794225,1.7815548749509116,107.57722917154788,38,107.57722917154788
B0030,3,3.3818672028482375,-3.78000742647211,54.157828260748424,1.761969227822918,106.39457143858341,37,106.39457143858341
B0030,4,3.3803545588103714,-3.7771963627067855,54.212018750385205,1.751755031874225,105.77779846469122,36,105.77779846469122
B0030,5,3.383237725223628,-3.774391482257296,54.19837692352459,1.7381688070362076,104.95740923979247,35,104.95740923979247
B0030,6,3.374148303155992,-3.8401506129683893,54.14161744851121,1.7506745293461339,105.71255350944497,34,105.71255350944497
B0030,7,3.3806295984219497,-3.8162308411426897,54.21167948917778,1.7491047649061158,105.61776501245083,33,105.61776501245083
B0030,8,3.387081847293872,-3.790540920260821,54.18634900836399,1.7252544028765475,104.17758716670811,32,104.17758716670811
B0030,9,3.3879461849049983,-3.7878863152954003,54.15360140656882,1.7112621367644252,103.3326795866289,31,103.3326795866289
B0030,10,3.3883925705991067,-3.78521295034333,54.168189231806274,1.6990418392711273,102.59477038020202,30,102.59477038020202
B0030,11,3.3829900242224884,-3.8087556215689466,54.22057063412252,1.7185770039532977,103.77437978626966,29,103.77437978626966
B0030,12,3.3872270612733906,-3.7838496795424073,54.24400266886001,1.70324722921867,102.84870822096318,28,102.84870822096318
B0030,13,3.387969833955272,-3.7810084173912366,54.24150010859244,1.689458044662304,102.01606349698302,27,102.01606349698302
B0030,14,3.3908449439184096,-3.7778398595622393,54.183697227073836,1.6756136292719177,101.18008371991401,26,101.18008371991401
B0030,15,3.3859058007878593,-3.7765035959555266,54.228866401573256,1.6718407140871654,100.95226039143748,25,100.95226039143748
B0030,16,3.375492904033759,-3.8520176715688708,54.15865206479903,1.7233056681204446,104.05991496452145,24,104.05991496452145
B0030,17,3.381550645715128,-3.8026336945838506,54.242750421230845,1.709207290507283,103.2085999583082,23,103.2085999583082
B0030,18,3.3864480900407194,-3.7747932414905923,54.26601179807604,1.684001734344571,101.68659020725457,22,101.68659020725457
B0030,19,3.387180494037813,-3.7717048923113476,54.24164371768822,1.66898698813004,100.77994129220629,21,100.77994129220629
B0030,20,3.3813445010797873,-3.7701783748857105,54.32282816477177,1.6620689362837142,100.36220235002898,20,100.36220235002898
B0030,21,3.385606758982866,-3.770286001350055,54.27566161448939,1.6687049625248174,100.762911486618,19,100.762911486618
B0030,22,3.3887947335699504,-3.74290317214084,54.346520622463046,1.652762183550463,99.8002243353717,18,99.8002243353717
B0030,23,3.390949417762555,-3.7394250053816305,54.369563893787316,1.648481366235244,99.54173189607845,17,99.54173189607845
B0030,24,3.3873404080498895,-3.737622424800312,54.38101073340462,1.6307406443132095,98.47047793993636,16,98.47047793993636
B0030,25,3.3880651957973615,-3.7356557463501385,54.366222070376075,1.62323023017929,98.01696985336666,15,98.01696985336666
B0030,26,3.3873336724752856,-3.737388532394875,54.36082826974155,1.6541906540394393,99.88648095273334,14,99.88648095273334
B0030,27,3.391596603751742,-3.733773399938973,54.329082038301124,1.638514396616985,98.93988741188942,13,98.93988741188942
B0030,28,3.3844695827460796,-3.7318248243234815,54.350797312061744,1.618847673357618,97.75233398601773,12,97.75233398601773
B0030,29,3.3883015570002266,-3.72789586160175,54.30570319180817,1.6134212267751404,97.42466398505498,11,97.42466398505498
B0030,30,3.389973588057286,-3.7258803546166885,54.311769035681074,1.6066443601761986,97.01545035855949,10,97.01545035855949
B0030,31,3.386403894086122,-3.7258300678775145,54.31694947968931,1.6138387876938998,97.44987794129177,9,97.44987794129177
B0030,32,3.382990062267617,-3.7235246959842048,54.37602664745592,1.596329501327274,96.39259896629268,8,96.39259896629268
B0030,33,3.3809665909442286,-3.7209177432015643,54.40922760509475,1.5890785867406987,95.95476047411329,7,95.95476047411329
B0030,34,3.3813241868366974,-3.7188832576508455,54.43118438830086,1.5805481432309574,95.43965903700058,6,95.43965903700058
B0030,35,3.3870672693934285,-3.7178481811964144,54.42543761419732,1.5846131054270807,95.68511730263951,5,95.68511730263951
B0030,36,3.382718302752806,-3.719718780129346,54.40878572720797,1.5936651221220735,96.23171336215675,4,96.23171336215675
B0030,37,3.3896129797375174,-3.6895994891111914,54.42284720424547,1.5849874126960888,95.70771943486952,3,95.70771943486952
B0030,38,3.38569510149779,-3.7133420593367292,54.38754363122996,1.5787064969416462,95.32845325394906,2,95.32845325394906
B0030,39,3.387023398111767,-3.711313300597217,54.45246463683033,1.570705516096967,94.84532283679088,1,94.84532283679088
B0030,40,3.3870565445350174,-3.709186360280257,54.41109814733754,1.562780404428482,94.36677369628562,0,94.36677369628562
B0032,1,3.31356881404843,-3.895034492956119,52.14812251926887,1.7048641073512139,100.0,39,100.0
B0032,2,3.360932103985418,-3.9466385151298375,53.49862731805315,1.8940319526948572,111.09577265002937,38,111.09577265002937
B0032,3,3.362818742242725,-3.9459503925460986,53.56355547229223,1.8747686491853095,109.96587007149034,37,109.96587007149034
B0032,4,3.3620666570592657,-3.945374357087773,53.636497641934646,1.8654947184112376,109.42190115724763,36,109.42190115724763
B0032,5,3.362352506750974,-3.9451013111259323,53.66821955000141,1.8527398169018068,108.6737534629867,35,108.6737534629867
B0032,6,3.3539141264171213,-3.9441329415172497,53.78514931831166,1.844174397003866,108.1713427511295,34,108.1713427511295
B0032,7,3.359881578137895,-3.944073053011351,53.80370465565283,1.8430238477512753,108.1038564777292,33,108.1038564777292
B0032,8,3.358862190732693,-3.943421894744355,53.860865202701575,1.8302818174911863,107.35646375562622,32,107.35646375562622
B0032,9,3.3601097902247443,-3.9431707154426756,53.86937461780675,1.8173838456081814,106.59992416825442,31,106.59992416825442
B0032,10,3.3601434422461938,-3.9427909793014866,53.919241142689074,1.8057992981104682,105.9204244094313,30,105.9204244094313
B0032,11,3.355149818972587,-3.942681377393959,54.04736439027926,1.8149829605049186,106.45909856855351,29,106.45909856855351
B0032,12,3.3593418283288132,-3.9184845032163933,54.07432799473692,1.7995150369321797,105.55181666226885,28,105.55181666226885
B0032,13,3.358629751735543,-3.9177419538846427,54.13198237630402,1.7866516942518147,104.79730827506664,27,104.79730827506664
B0032,14,3.3590704748251823,-3.916992039332035,54.1706485784692,1.7735550719416031,104.02911670755459,26,104.02911670755459
B0032,15,3.3579238322389635,-3.9165301686540293,54.230275057026425,1.769995333364443,103.82031774452811,25,103.82031774452811
B0032,16,3.346388148340216,-3.941133829882486,54.344649105313806,1.799526080374287,105.55246442311147,24,105.55246442311147
B0032,17,3.3534652549262995,-3.9168961856121998,54.34024033975075,1.7968530684449833,105.39567703356072,23,105.39567703356072
B0032,18,3.3539379658636705,-3.9161279657117896,54.383818324015124,1.7838265504081745,104.63159748137592,22,104.63159748137592
B0032,19,3.352033498067153,-3.9150746408037618,54.44223460892958,1.7696444491040102,103.79973638212392,21,103.79973638212392
B0032,20,3.356088193037498,-3.8893700702054987,54.47793957059441,1.7512940457049684,102.72338059987027,20,102.72338059987027
B0032,21,3.3485978246821815,-3.914545791564823,54.522884319691855,1.7697554297961993,103.80624603246558,19,103.80624603246558
B0032,22,3.350888760453381,-3.88872960338246,54.63737439274004,1.7547726933914918,102.92742311982973,18,102.92742311982973
B0032,23,3.351949039148667,-3.887437874711392,54.626766126568995,1.7389166355812984,101.99737492761172,17,101.99737492761172
B0032,24,3.349297591300232,-3.8867994146602536,54.64310926864166,1.7337200518764075,101.69256566554306,16,101.69256566554306
B0032,25,3.351231111091802,-3.8600791350059627,54.70581681215588,1.7150972597500092,100.60023273143419,15,100.60023273143419
B0032,26,3.3435018088780115,-3.8867131837578937,54.73634803491553,1.7462926148815636,102.43001816694444,14,102.43001816694444
B0032,27,3.3521161040604457,-3.859329219112499,54.729006905014316,1.719149261914565,100.83790576045064,13,100.83790576045064
B0032,28,3.3500497479561155,-3.858428126429743,54.73589338579687,1.711582246191498,100.39405714574647,12,100.39405714574647
B0032,29,3.346822633241171,-3.8566873181204584,54.73540508711326,1.6951051195225901,99.42757972400592,11,99.42757972400592
B0032,30,3.3445668126766406,-3.8827695760741974,54.74865999209295,1.7005124371100973,99.74474972976716,10,99.74474972976716
B0032,31,3.3426166901503263,-3.882600911283088,54.78747299373422,1.7080989351250158,100.18974109196468,9,100.18974109196468
B0032,32,3.34732439121854,-3.854937565206465,54.781382520592445,1.691435430587127,99.21233154559454,8,99.21233154559454
B0032,33,3.3453547357724522,-3.854046236326502,54.78435229628446,1.6844494328889932,98.802562950666,7,98.802562950666
B0032,34,3.346646262078225,-3.825515955469031,54.845012944023324,1.664037581688075,97.60529150170395,6,97.60529150170395
B0032,35,3.3430379418002483,-3.852185223644289,54.84412055277582,1.6686372014231974,97.87508542341824,5,97.87508542341824
B0032,36,3.3373798184076704,-3.8529024760904154,54.916794359881244,1.6899344075625968,99.12428798728054,4,99.12428798728054
B0032,37,3.3435347690202875,-3.8243694013351117,54.90429470994109,1.669431712846442,97.92168804821506,3,97.92168804821506
B0032,38,3.3406975425250534,-3.850082677405248,54.85304065526831,1.6634226761839213,97.5692237880661,2,97.5692237880661
B0032,39,3.3456376475453258,-3.820950546148158,54.870101858468004,1.6436152195947373,96.40740352897471,1,96.40740352897471
B0032,40,3.33983349960651,-3.8197049752589796,54.9152115205818,1.6358000873538245,95.94900146588859,0,95.94900146588859
B0044,1,3.439679725636751,-1.8098343456068091,32.08333169533252,1.686525555152074,100.0,5,100.0
B0044,2,3.452824239327816,-1.8219328456366495,31.44294016626267,1.6624606531639186,98.573107776835,4,98.573107776835
B0044,3,3.4521568195939896,-1.8359320421754788,31.14990089807352,1.6534010755700512,98.03593372891193,3,98.03593372891193
B0044,4,3.4552256770525456,-1.8454888344252123,31.12954746264574,1.6452145903490936,97.55052838204664,2,97.55052838204664
B0044,5,3.463672030116032,-1.8546992944071559,31.513994261671055,1.635664062367341,96.9842441681741,1,96.9842441681741
B0044,6,3.5268413438277695,-1.978883934795127,30.9572734254796,0.0,0.0,0,0.0
B0044,7,3.4680330762776053,-1.8756028913091127,31.634787338016164,1.6267769765146463,96.45729775899896,-1,96.45729775899896
B0044,8,3.4679406316174908,-1.8740941775158022,31.273656122735403,1.6159715504743064,95.81660624932508,-2,95.81660624932508
B0044,9,3.465103331199183,-1.87297275010726,31.0513882525287,1.6076028386649623,95.32039605056592,-3,95.32039605056592
B0044,10,3.463878052026492,-1.871931466677304,30.825315603911406,1.6003360401431612,94.88952214535871,-4,94.88952214535871
B0044,11,3.4618790737027214,-1.8711336666924587,30.772306222074594,1.5978700914991917,94.7433074238304,-5,94.7433074238304
B0044,12,3.4619567664351507,-1.869887873532527,30.77793162980491,1.5900310265163515,94.27850183823503,-6,94.27850183823503
B0044,13,3.4608461967292694,-1.8624610796586116,30.734077377574607,1.5816311155652092,93.78044173321723,-7,93.78044173321723
B0044,14,3.462773986667914,-1.8611231730261666,30.711931701692418,1.5714556311034702,93.17710166341192,-8,93.17710166341192
B0044,15,3.46142516586872,-1.8534672146493336,30.692223526355477,1.563220798569978,92.68882963525698,-9,92.68882963525698
B0044,16,3.459888006806987,-1.8464485055279796,30.656716513936473,1.5606775388245586,92.53803086807258,-10,92.53803086807258
B0044,17,3.459225464203645,-1.8450475324556972,30.677651249958302,1.5523886011314287,92.04655075573106,-11,92.04655075573106
B0044,18,3.459378780567444,-1.8438251021984409,30.670401222972917,1.5444592876561967,91.57639402131282,-12,91.57639402131282
B0044,19,3.4594746923592585,-1.8359182150531628,30.695903900430444,1.536558134180655,91.10790699178605,-13,91.10790699178605
B0044,20,3.457758884701852,-1.837930189329905,30.693601629277207,1.5307255867941072,90.76207485371201,-14,90.76207485371201
B0044,21,3.4604365465272604,-1.8224062753285977,31.3317805416781,1.545242808242328,91.62285169779082,-15,91.62285169779082
B0044,22,3.4673706320595796,-1.8277755287188366,32.003093392777586,1.5397144491816253,91.29505594967337,-16,91.29505594967337
B0044,23,3.4682443755783012,-1.8199294716775476,32.229129548420126,1.5305357077773765,90.75081626257173,-17,90.75081626257173
B0044,24,3.4662944691430644,-1.8182280699458226,32.11597218782517,1.5199735224097084,90.12454734328958,-18,90.12454734328958
B0044,25,3.4597034229251418,-1.82344115362652,31.969087731359647,1.5136629526844203,89.75037158852498,-19,89.75037158852498
B0044,26,3.4622130413589143,-1.814801427898659,31.87470050843518,1.5012870006992953,89.01655810154175,-20,89.01655810154175
B0044,27,3.4628505734955555,-1.8075840969590578,32.24329057966032,1.5023814734911674,89.08145322207689,-21,89.08145322207689
B0044,28,3.462862471197368,-1.8065211847034746,32.62193857776337,1.4980955154277502,88.82732377527876,-22,88.82732377527876
B0044,29,3.4614145860859864,-1.8052430334885246,32.534721843990155,1.4906542391377111,88.38610447283136,-23,88.38610447283136
B0044,30,3.4567536825256298,-1.8105860657133828,32.315090431633784,1.4843971639436213,88.01510059595708,-24,88.01510059595708
B0044,31,3.457596686753219,-1.7950692987909964,32.11227103017126,1.4725321936230114,87.31158499938847,-25,87.31158499938847
B0044,32,3.456382425532515,-1.786985657468036,31.7443365044674,1.4663149382113208,86.94294217671093,-26,86.94294217671093
B0044,33,3.4558985436662764,-1.7928445896165708,32.11351047936838,1.4671298468877776,86.99126096286673,-27,86.99126096286673
B0044,34,3.4536993651226653,-1.7913668174036652,32.04801967333395,1.4593858997633138,86.53209524783756,-28,86.53209524783756
B0044,35,3.4526946539372747,-1.7891101484216256,31.708021910539802,1.4467901368505207,85.7852484020062,-29,85.7852484020062
B0044,36,3.44942355838508,-1.7876594976231701,31.467203186429355,1.4390669859638228,85.32731576866395,-30,85.32731576866395
B0044,37,3.4464363236508913,-1.7797845626759963,31.560453436032944,1.4389892550462602,85.32270683064192,-31,85.32270683064192
B0044,38,3.447035324752623,-1.786101275708508,31.887709097598353,1.4386198779578576,85.30080517090875,-32,85.30080517090875
B0044,39,3.451080883804227,-1.7774334664210216,32.164811812502585,1.4313412096653504,84.86922746547333,-33,84.86922746547333
B0044,40,3.450413161794029,-1.7758066384425826,32.13295425226488,1.422973037663468,84.37304927378693,-34,84.37304927378693
B0044,41,3.44468943990224,-1.78107743904082,31.75133688827036,1.4150153099745097,83.90120776123774,-35,83.90120776123774
B0044,42,4.054818943483505,-0.21883274923266322,7.057089335323658,0.0572172710622218,3.3926121597998864,-36,3.3926121597998864
B0044,43,4.048971725415953,-0.2291787146876666,6.945113627374995,0.0573587470253984,3.40100076457047,-37,3.40100076457047
B0044,44,4.048139868634576,-0.23457936698907242,6.969210950143102,0.05749687545445231,3.4091908823325134,-38,3.4091908823325134
B0044,45,4.04489102283376,-0.23761419438252948,7.1320933104899575,0.05763088809888528,3.4171369608264666,-39,3.4171369608264666
B0044,46,4.058712789171854,-0.2099858295389897,6.9052479876970985,0.055116913339787174,3.268074602926327,-40,3.268074602926327
B0044,47,4.04058000450648,-0.2518669105532582,6.719645217752847,0.06740755265748018,3.996829603415173,-41,3.996829603415173
B0044,48,4.038574138704129,-0.25717248545758564,6.752194119869617,0.0675676530317139,4.006322514669594,-42,4.006322514669594
B0044,49,4.060984637180495,-0.2168958065340876,6.682861474834709,0.055637310449156464,3.2989307680036695,-43,3.2989307680036695
B0044,50,3.9901324953918995,-0.3924814177291054,7.805372903557112,0.06822433276106823,4.045259353032243,-44,4.045259353032243
B0044,51,4.060072156375749,-0.21680725503393136,6.452537181339348,0.056052453431514465,3.32354604768857,-45,3.32354604768857
B0044,52,4.036259706472422,-0.26270449862572487,6.89796196003197,0.06868220130105056,4.072407980492029,-46,4.072407980492029
B0044,53,4.034899045788163,-0.2660568669142741,6.643140512754006,0.06874755353346529,4.076282942968292,-47,4.076282942968292
B0044,54,4.05627259287341,-0.22645846348554158,6.823596011664432,0.05651439891347486,3.3509364113002698,-48,3.3509364113002698
B0044,55,4.056631496996698,-0.2243099150823807,6.621700828774675,0.05673307185387369,3.3639022949022594,-49,3.3639022949022594
B0044,56,4.033722240018022,-0.27219298018702565,6.654177389025503,0.0694133756360175,4.115761864619864,-50,4.115761864619864
B0044,57,4.052548629680626,-0.23539096687777275,6.691030736897561,0.05931766444664955,3.517151831197771,-51,3.517151831197771
B0044,58,4.031869983878109,-0.2757939587127618,6.789742456285512,0.06981707253622738,4.1396984660533045,-52,4.1396984660533045
B0044,59,4.0546007592526,-0.23192836333731054,6.652607169727167,0.05746435089694075,3.407262387539642,-53,3.407262387539642
B0044,60,4.029900462300052,-0.27840440393795296,6.727197790202005,0.07053774383993697,4.182429588715991,-54,4.182429588715991
B0044,61,4.0528579449382525,-0.23468645740446364,6.704744929431838,0.05805466052344494,3.442263910327179,-55,3.442263910327179
B0044,62,4.027030974078611,-0.2817775496820993,6.688129486124422,0.07083992015291063,4.200346679390992,-56,4.200346679390992
B0044,63,4.048647775995237,-0.23781178807825715,7.135311524033081,0.058171836130525824,3.4492116619768907,-57,3.4492116619768907
B0044,64,4.006197810720952,-0.3839746086117853,7.514206392471801,0.05830515712798288,3.4571167303021095,-58,3.4571167303021095
B0044,65,4.001898132433219,-0.39910424698891395,7.105939545905624,0.05845592669367763,3.466056385277047,-59,3.466056385277047
B0044,66,3.9995228828543783,-0.4072004054361969,7.121133621766568,0.05862986110638707,3.4763695650671846,-60,3.4763695650671846
B0044,67,4.053493486866572,-0.22655413924505263,6.525840333846862,0.05890033218383382,3.4924067414159508,-61,3.4924067414159508
B0044,68,4.052074849774992,-0.22919137003874254,7.0347000891113804,0.05906467702011044,3.5021513216729514,-62,3.5021513216729514
B0044,69,4.028366353886938,-0.2819333043565596,6.8973768386013505,0.07240579982844073,4.293193163142547,-63,4.293193163142547
B0044,70,3.9662515216379144,-0.46093159458169275,8.12797412482593,0.07255632846891659,4.302118532818448,-64,4.302118532818448
B0044,71,4.052244387669817,-0.23199889868853285,6.951583874586089,0.05959222988909599,3.533431776770353,-65,3.533431776770353
B0044,72,4.024847285360175,-0.28835896667589855,6.953046195579622,0.07321709022768585,4.34129740898494,-66,4.34129740898494
B0044,73,4.051149690799867,-0.24020364123364232,6.413311987885646,0.05984100849986973,3.548182730885087,-67,3.548182730885087
B0044,74,4.023626364549916,-0.2918314525277322,6.779577103952525,0.07344347056971572,4.354720291391809,-68,4.354720291391809
B0044,75,4.0230998765187564,-0.2917484860639784,6.978468873690951,0.07373739605923264,4.372148161880876,-69,4.372148161880876
B0044,76,4.047078241937264,-0.24607113844569875,6.809785593582902,0.06032312489727431,3.5767690986357437,-70,3.5767690986357437
B0044,77,4.02025965935536,-0.298818492738235,6.971049837313714,0.07409611978234346,4.39341814631811,-71,4.39341814631811
B0044,78,4.048987988645058,-0.24619641320878316,6.579881562367587,0.060717150532954955,3.600132256963049,-72,3.600132256963049
B0044,79,4.048190135327761,-0.25222392819933964,6.690126647286674,0.06082844229397962,3.606731134797108,-73,3.606731134797108
B0044,80,4.031325666700656,-0.30189362407180553,6.925009518097775,0.060928844447982224,3.6126843297366027,-74,3.6126843297366027
B0044,81,3.99633832641595,-0.4070041672359561,7.831469751479567,0.061220387365620216,3.629970929204211,-75,3.629970929204211
B0044,82,3.5339557623459625,-1.9943360872313463,6.3578218287881425,0.06133677582691605,3.636872008226719,-76,3.636872008226719
B0044,83,3.5662543456123466,-1.996129232362493,6.5954208155010985,0.0615021959933087,3.6466803485680392,-77,3.6466803485680392
B0044,84,3.480657456568583,-2.217653041798755,6.324536214740793,0.0615436456229027,3.649138042106532,-78,3.649138042106532
B0044,85,3.559655619146663,-1.9957140019130044,7.644851838660085,0.061368282981907545,3.63874017766508,-79,3.63874017766508
B0044,86,3.4710657400965403,-2.2172078365634906,5.10818141008298,0.061633508888739995,3.654466349499371,-80,3.654466349499371
B0044,87,3.4889263102095547,-2.217892317465651,6.978200107513246,0.061981030875948785,3.675072143828853,-81,3.675072143828853
B0044,88,3.438530012225991,-0.9486655224617359,7.831586108538486,1.4779954511171076,87.63552064788232,-82,87.63552064788232
B0044,89,3.4576572257357188,-0.9429836446189775,7.730546352316417,1.494119871447679,88.5915939360287,-83,88.5915939360287
B0044,90,3.4553887210557868,-0.9448444362873197,7.787963683864436,1.488007820113173,88.22918903111429,-84,88.22918903111429
B0044,91,3.453365325098602,-0.9421563938919909,7.849823078169805,1.4748338592717107,87.44805880742939,-85,87.44805880742939
B0044,92,3.4533767517944844,-0.9414963206117185,7.863220580243154,1.4604378044785566,86.59446635819693,-86,86.59446635819693
B0044,93,3.4460660596643384,-0.9389221140572901,7.930106785779635,1.452380841576719,86.11674084272964,-87,86.11674084272964
B0044,94,3.4382387035909514,-0.9382244730141405,7.888437545923743,1.4411028883649861,85.44803154406053,-88,85.44803154406053
B0044,95,3.4385248959075603,-0.9336418704048167,7.818043363205418,1.4300355978410688,84.79181317309613,-89,84.79181317309613
B0044,96,3.4365202293034374,-0.9277519140513346,7.830974235734798,1.413943296719903,83.83764434523543,-90,83.83764434523543
B0044,97,3.4352027430527405,-0.9210832456029233,7.878562179371438,1.3972667497450317,82.84883353688882,-91,82.84883353688882
B0044,98,3.43345469224157,-0.9181073344708772,7.960251571512366,1.3865375876825874,82.2126639852524,-92,82.2126639852524
B0044,99,3.425091148228222,-0.9147769465297864,7.825815360855775,1.3724753685724698,81.37886582149736,-93,81.37886582149736
B0044,100,3.43285332747351,-0.9097059602545033,7.871717073752719,1.3598593948812812,80.63082060791321,-94,80.63082060791321
B0044,101,3.4316708520467616,-0.9089147628345589,7.872850841533409,1.3486733410392264,79.96756034435639,-95,79.96756034435639
B0044,102,3.4305423593747584,-0.9053632291923375,7.787673589037049,1.3334258933205057,79.06348583020852,-96,79.06348583020852
B0044,103,3.4188541266416608,-0.9122769052973728,7.997910807563725,1.3387793081075827,79.38090852034941,-97,79.38090852034941
B0044,104,3.42241373548389,-0.8993675928683105,7.881896352735887,1.3153320403016995,77.9906379884707,-98,77.9906379884707
B0044,105,3.4160977003080477,-0.9110321130421603,8.022448822976777,1.322963328110081,78.44312373854243,-99,78.44312373854243
B0044,106,3.415875051664848,-0.9054157927585382,7.977920186292173,1.3086991524155074,77.59735086240671,-100,77.59735086240671
B0044,107,3.420770509924939,-0.8971488250209094,8.016774436428086,1.2897499583900436,76.47378686021433,-101,76.47378686021433
B0044,108,3.412152763562302,-0.9036459257898942,8.104364904391632,1.2906172590904164,76.52521215274686,-102,76.52521215274686
B0044,109,3.411365387592042,-0.893479421104461,8.021367388918382,1.2752011253442166,75.61113565392917,-103,75.61113565392917
B0044,110,3.4151055404827564,-0.8950327018530826,8.012944452376887,1.2686072657374579,75.22016265108225,-104,75.22016265108225
B0044,111,3.4139726333379956,-0.8916525424860515,7.944197776199544,1.2565759973225976,74.50678665875847,-105,74.50678665875847
B0044,112,3.410670178184504,-0.8905662435522527,7.904886527570053,1.2486254509320867,74.03537095051597,-106,74.03537095051597
B0027,1,3.415635388206693,-1.048298128077691,33.531461449042084,1.8233077742149364,100.0,27,100.0
B0027,2,3.405140913759623,-1.049212058679183,33.768115475386416,1.8142384651167962,99.50259033464357,26,99.50259033464357
B0027,3,3.425659661801085,-1.0465273412198817,34.0575363030056,1.8128596793130867,99.4269703091488,25,99.4269703091488
B0027,4,3.4201699208239194,-1.0503251867609642,34.34311925332076,1.8144242446739973,99.5127794842665,24,99.5127794842665
B0027,5,3.4180604683404985,-1.0497801003401392,34.3900563067441,1.812800333853042,99.4237154850931,23,99.4237154850931
B0027,6,3.3978401981445576,-1.0476986183510903,34.16207101391941,1.7946038703195293,98.42572360512388,22,98.42572360512388
B0027,7,3.3984422668226393,-1.0572775446036453,33.65117316898919,1.816519171293833,99.62767652191762,21,99.62767652191762
B0027,8,3.411384397730043,-1.0548269593999815,33.993154419553875,1.8198335565190242,99.80945522500127,20,99.80945522500127
B0027,9,3.40775629545449,-1.0553776405080413,34.121102900157744,1.816980986440728,99.65300494718,19,99.65300494718
B0027,10,3.4031041806987625,-1.0554671306178591,34.521504581092735,1.8047602710768988,98.98275522101453,18,98.98275522101453
B0027,11,3.38665218439762,-1.055670294257971,33.91883669839733,1.8021778881408677,98.84112345853586,17,98.84112345853586
B0027,12,3.4140369130125587,-1.0529574586448565,34.203791109857484,1.810054375611175,99.27311237350108,16,99.27311237350108
B0027,13,3.3945090590148355,-1.0601013419063348,34.48622307207774,1.8191618703574552,99.77261634507832,15,99.77261634507832
B0027,14,3.4204049256076163,-1.0537206430621189,34.40141739485763,1.806344581230731,99.06964730671929,14,99.06964730671929
B0027,15,3.401908039296132,-1.060902364203764,34.3150259504104,1.8120006378747944,99.37985585867364,13,99.37985585867364
B0027,16,3.407597938928066,-1.0613281994084631,34.450526992415796,1.809238569578753,99.22836918510693,12,99.22836918510693
B0027,17,3.3774091842080276,-1.061988907424718,34.741504044616725,1.7820717716005336,97.7383959418394,11,97.7383959418394
B0027,18,3.3771878224396685,-1.0662806393885873,34.663008920131865,1.8145504562341046,99.51970160470563,10,99.51970160470563
B0027,19,3.390746744780089,-1.0653782286766842,34.47643463041281,1.809153485164282,99.22370269842409,9,99.22370269842409
B0027,20,3.3939882666698242,-1.0657949875596555,34.45771838499012,1.8065551508093707,99.08119607438306,8,99.08119607438306
B0027,21,3.395270569622429,-1.0664883306260853,34.276431502022604,1.802401655959492,98.85339608863094,7,98.85339608863094
B0027,22,3.4104656511949063,-1.0632318841030186,34.35292925698558,1.7964331683322998,98.52605214200834,6,98.52605214200834
B0027,23,3.400641404160475,-1.0590432103446814,33.64812848797218,1.8088036930508289,99.20451821852443,5,99.20451821852443
B0027,24,3.403879368199544,-1.0635509942186294,33.75077258934032,1.7915527748749653,98.25838512899206,4,98.25838512899206
B0027,25,3.4141854712687336,-1.0638261484808664,33.72038549007088,1.7853375192239571,97.9175070973781,3,97.9175070973781
B0027,26,3.4230599701504794,-1.0651012851496238,33.812030459081335,1.793209210325309,98.34923295368567,2,98.34923295368567
B0027,27,3.4023930606429906,-1.0684596107286113,33.79680193008211,1.7873097711102113,98.0256759931699,1,98.0256759931699
B0027,28,3.3633791712406205,-1.0694140697591357,33.92036482801563,1.7700926253324452,97.08139516350145,0,97.08139516350145
B0043,1,3.475911687674208,-1.8551004388985552,30.907894474048284,1.713782642126885,100.0,5,100.0
B0043,2,3.4897388185035,-1.8688899233782812,30.363796429604484,1.6955681658647108,98.93717698998462,4,98.93717698998462
B0043,3,3.4901234321768033,-1.8840563804062687,30.07611798184701,1.6814906372051954,98.11574676228406,3,98.11574676228406
B0043,4,3.4940185374934947,-1.89408796703159,30.05896964075817,1.6786372409532953,97.94924978759427,2,97.94924978759427
B0043,5,3.5005489873453817,-1.9103670337506284,30.417149405736243,1.6694168550864992,97.41123606052365,1,97.41123606052365
B0043,6,3.579339612317741,-1.9739982626160064,29.92385834200675,0.0,0.0,0,0.0
B0043,7,3.507465391169604,-1.9268034708959647,30.617574721987218,1.6611938521224778,96.93142008142048,-1,96.93142008142048
B0043,8,3.5054667200956016,-1.9324769674832156,30.258236869364143,1.6506423382064332,96.31573442463558,-2,96.31573442463558
B0043,9,3.505146635224542,-1.9255143226505498,29.936684037867014,1.6424273190907783,95.83638430673149,-3,95.83638430673149
B0043,10,3.5024428414174498,-1.924996304077744,29.74762436888935,1.6353664801041328,95.42438112656842,-4,95.42438112656842
B0043,11,3.5007336141613488,-1.9244448695912972,29.699035458962353,1.633232875930849,95.29988434845681,-5,95.29988434845681
B0043,12,3.501947249481621,-1.9239340941617735,29.746622188626663,1.6258840554387932,94.87107731590714,-6,94.87107731590714
B0043,13,3.5002499918856302,-1.916896100852633,29.642987306218718,1.617976174654771,94.40964885995031,-7,94.40964885995031
B0043,14,3.5007698538114447,-1.9227329924422065,29.6639395578783,1.6136652707273988,94.15810564662765,-8,94.15810564662765
B0043,15,3.5004947608560313,-1.9157256805286993,29.637650852441404,1.605821026619692,93.70039041980216,-9,93.70039041980216
B0043,16,3.4961700451758575,-1.9087255587088567,29.593597067401642,1.6033527961961531,93.55636804713559,-10,93.55636804713559
B0043,17,3.4993157107183803,-1.9078668399519791,29.63922727943673,1.5951342406182645,93.07681157504477,-11,93.07681157504477
B0043,18,3.50080829213355,-1.907455457642798,29.666195384468185,1.5878135544728507,92.64964619447302,-12,92.64964619447302
B0043,19,3.497552326899387,-1.9000139238260703,29.635949832755518,1.5800601969084245,92.19723423896366,-13,92.19723423896366
B0043,20,3.4969748978677377,-1.904134059211754,29.671876354508125,1.575565087879128,91.93494257380141,-14,91.93494257380141
B0043,21,3.4931433851686124,-1.8929472665362916,29.993152820136338,1.5950169012164208,93.0699647673482,-15,93.0699647673482
B0043,22,3.500270597096414,-1.8991542942688262,30.681276254794994,1.5898075522577595,92.7659968760527,-16,92.7659968760527
B0043,23,3.5026578112869,-1.8917722041126424,30.871236598447616,1.5807953202097411,92.24012901938951,-17,92.24012901938951
B0043,24,3.5018704137639554,-1.8907827482284796,30.779999574712413,1.5704333289187615,91.63550209434842,-18,91.63550209434842
B0043,25,3.4967579517606566,-1.8968520026147064,30.581480715523952,1.5643368431897877,91.27976936727356,-19,91.27976936727356
B0043,26,3.4938467732797593,-1.8960710046785778,30.546605962885614,1.558307017802491,90.92792630158505,-20,90.92792630158505
B0043,27,3.498085824975237,-1.8818174142025106,30.92329503843904,1.5537149289772467,90.65997582103022,-21,90.65997582103022
B0043,28,3.499824440494276,-1.8812480163452203,31.225884514077716,1.549528250585513,90.41568122445653,-22,90.41568122445653
B0043,29,3.4987433448544607,-1.8805764098134792,31.163201064541546,1.5424430535161062,90.00225673903792,-23,90.00225673903792
B0043,30,3.496873891743175,-1.8940750825904094,31.130645067035932,1.54256227031715,90.00921309383538,-24,90.00921309383538
B0043,31,3.4895372240361704,-1.8790362639465747,30.837232735283838,1.5309356452520158,89.33079421040539,-25,89.33079421040539
B0043,32,3.4871652344467075,-1.8710836448265253,30.641318807832377,1.5247733176952427,88.9712195826028,-26,88.9712195826028
B0043,33,3.4906015804101496,-1.8702004234947458,31.01732542847249,1.5196742408779502,88.67368612112695,-27,88.67368612112695
B0043,34,3.4876146185117345,-1.8695581981674536,30.93897323974993,1.5123696925788683,88.24746239126021,-28,88.24746239126021
B0043,35,3.4842857075179094,-1.8681373339121092,30.585360437692227,1.499914486202397,87.52069540982936,-29,87.52069540982936
B0043,36,3.4811070895804797,-1.8672666650634016,30.3648233882985,1.4924106271188253,87.08284180464528,-30,87.08284180464528
B0043,37,3.475104459646633,-1.8594886102216435,30.432401864910737,1.492624987952706,87.09534985721923,-31,87.09534985721923
B0043,38,3.4772044059441005,-1.8662699457286134,30.831835959630617,1.4924024018806028,87.08236185823782,-32,87.08236185823782
B0043,39,3.4821729368749876,-1.8580509519301622,31.094991080529404,1.4853020201751674,86.6680513423708,-33,86.6680513423708
B0043,40,3.4803385610467843,-1.8570868946683126,31.038470618761803,1.477208127101587,86.19576898435045,-34,86.19576898435045
B0043,41,3.4714831954460226,-1.8634355664455715,30.652253424171764,1.4694738525181406,85.74447052949809,-35,85.74447052949809
B0043,42,4.05715902963358,-0.26538241903639787,7.628394260109583,0.057034391042653794,3.327982769849473,-36,3.327982769849473
B0043,43,4.049827246639277,-0.27790699151072984,7.4649167649876285,0.0571536334895882,3.3349406210963752,-37,3.3349406210963752
B0043,44,4.049066061935538,-0.2845068500189359,7.503302872635532,0.05729366005937665,3.343111235405706,-38,3.343111235405706
B0043,45,4.044551430084685,-0.28818241995759014,7.637968852421283,0.05744203185278054,3.3517687973249792,-39,3.3517687973249792
B0043,46,4.035830307373486,-0.29738235564582266,7.608951449591351,0.06713062107721124,3.9171024041823053,-40,3.9171024041823053
B0043,47,4.044589005651629,-0.29734862514364657,7.076698354969239,0.06714781920234739,3.918105922639862,-41,3.918105922639862
B0043,48,4.04142282173358,-0.3034723285432028,7.203287534892745,0.06732001211690299,3.9281534578594917,-42,3.9281534578594917
B0043,49,4.038238044394062,-0.3066704492321664,7.515405447362731,0.06784038051613318,3.9585171916515662,-43,3.9585171916515662
B0043,50,3.9848046527051646,-0.4602932757726641,8.284967270173246,0.06799604927210635,3.9676005346699075,-44,3.9676005346699075
B0043,51,4.061944839809303,-0.26354071255954326,6.857064194557378,0.06828011147886554,3.984175694189941,-45,3.984175694189941
B0043,52,4.0390164727182745,-0.3098209489247125,7.332807580550581,0.06844632943125976,3.9938745876381763,-46,3.9938745876381763
B0043,53,4.0361346398417846,-0.31356071971779875,7.093409222592422,0.06851361914788083,3.9978009733400146,-47,3.9978009733400146
B0043,54,4.057393658498293,-0.27513448834106563,7.192057776504479,0.06887402435616684,4.018830781871553,-48,4.018830781871553
B0043,55,4.057321348653442,-0.2716683318033776,7.020826540727179,0.056544389321695726,3.29939094560565,-49,3.29939094560565
B0043,56,4.033634353087378,-0.32019609515703706,7.160800567147388,0.06918353164189846,4.036890673372583,-50,4.036890673372583
B0043,57,4.051793890502685,-0.2847656836072143,7.125807255445202,0.059122086455436665,3.4498007508153643,-51,3.4498007508153643
B0043,58,4.030996821807475,-0.3238806690763745,7.276161437071745,0.06956120084140223,4.058927843677627,-52,4.058927843677627
B0043,59,4.055018337093391,-0.28177752116071475,7.0723476874628055,0.07017897804376615,4.09497542562753,-53,4.09497542562753
B0043,60,4.030113750605147,-0.32764641388558274,7.211729709283271,0.07028148183862523,4.100956568879856,-54,4.100956568879856
B0043,61,4.052423434416539,-0.28464369596708927,7.126821145688813,0.05787364202878375,3.376953448248247,-55,3.376953448248247
B0043,62,4.027129856353761,-0.3313651943047909,7.168249960966138,0.07056618554293374,4.11756916007492,-56,4.11756916007492
B0043,63,4.048117106628375,-0.28836663731547013,7.434058256465138,0.057989410208958,3.383708574442697,-57,3.383708574442697
B0043,64,3.9942812603304247,-0.4625693034020786,7.930969485581617,0.07129266446800787,4.159959537198389,-58,4.159959537198389
B0043,65,3.989213116660272,-0.4810643118406535,7.59327498772461,0.07146546557664281,4.170042560820362,-59,4.170042560820362
B0043,66,3.985650654864829,-0.4905753520009799,7.6206831277866485,0.0716254973792324,4.17938048960175,-60,4.17938048960175
B0043,67,4.052984666529467,-0.2752743573987098,6.882286937183749,0.07192596356272017,4.196912828657004,-61,4.196912828657004
B0043,68,4.051719519499582,-0.27838097907948867,7.3351511578492685,0.058840095111364746,3.4333464270790732,-62,3.4333464270790732
B0043,69,4.026760095683099,-0.3315356390651545,7.3668189489801215,0.07213853480103966,4.209316457512508,-63,4.209316457512508
B0043,70,3.9942222633789237,-0.4626293854853942,7.9936664890195335,0.07231835711877917,4.219809171892924,-64,4.219809171892924
B0043,71,4.049966366718909,-0.28159998506577105,7.296477939821086,0.05938170626668099,3.4649496853921624,-65,3.4649496853921624
B0043,72,4.051191449078818,-0.2915968889897802,6.946289418376631,0.07294488485625279,4.256367351563601,-66,4.256367351563601
B0043,73,4.0502554179984545,-0.2912181433078148,6.902633045655659,0.07306917734079586,4.263619874811754,-67,4.263619874811754
B0043,74,4.049866693334642,-0.2948913004839587,6.896174405116905,0.07317054128128272,4.269534507040791,-68,4.269534507040791
B0043,75,4.04947173354325,-0.2952176989493163,7.035611200131563,0.07347430293304898,4.2872591381754175,-69,4.2872591381754175
B0043,76,4.043702193909917,-0.29899741830480414,7.22435677434366,0.06010697591831878,3.5072695008582415,-70,3.5072695008582415
B0043,77,4.04662199809222,-0.3025440962097056,6.990028087646541,0.07383162509955737,4.30810904981094,-71,4.30810904981094
B0043,78,4.0478344519741825,-0.2990404522680275,7.072814815985095,0.060495215307428206,3.5299234465550895,-72,3.5299234465550895
B0043,79,4.045020633492667,-0.3062477823294265,7.152123066131912,0.060604010237618126,3.5362716804276704,-73,3.5362716804276704
B0043,80,4.0242391243497195,-0.36568183307963065,7.40243656537614,0.06073438432235217,3.543879067824957,-74,3.543879067824957
B0043,81,3.980071334963229,-0.49053400510100387,8.281671008133785,0.06099653048237791,3.5591754160071516,-75,3.5591754160071516
B0043,82,3.3967939181762525,-2.3863012371136616,5.990209166830171,0.061130459259873135,3.5669902213507867,-76,3.5669902213507867
B0043,83,3.4366476653788816,-2.386978959718076,6.4435194897145704,0.06129124410987595,3.5763720907927175,-77,3.5763720907927175
B0043,84,3.3244665701392724,-2.6498487159567716,5.804997367748431,0.06130329065804092,3.577075012380838,-78,3.577075012380838
B0043,85,3.4223166127184776,-2.387047276888483,7.064649745993309,0.061151661574090986,3.568227386070318,-79,3.568227386070318
B0043,86,3.517134909435146,-2.209874839881083,4.857763577409316,0.061405387192057306,3.58303239177696,-80,3.58303239177696
B0043,87,3.3308466979658498,-2.651553384507515,6.365147956644147,0.06175780765942851,3.603596287028801,-81,3.603596287028801
B0043,88,3.4693912792577155,-0.9908307773272778,7.784854957371514,1.5250840516518187,88.98935105090793,-82,88.98935105090793
B0043,89,3.4896631252373917,-0.9917840133525034,7.677310156075022,1.552568811301301,90.59309933110829,-83,90.59309933110829
B0043,90,3.4883481289690543,-0.9917267979357508,7.720355963617298,1.5427752626774387,90.02164129535015,-84,90.02164129535015
B0043,91,3.4828518772266346,-0.9915700758751732,7.795012554263815,1.5331932831264679,89.46252841163701,-85,89.46252841163701
B0043,92,3.4797712380230035,-0.9892746508058018,7.802002705131443,1.5152721949172019,88.41682472852438,-86,88.41682472852438
B0043,93,3.4723642645257145,-0.9870448856228408,7.8854226977198625,1.5074989761997712,87.96325386566491,-87,87.96325386566491
B0043,94,3.465591847973898,-0.982521155601079,7.865599621307659,1.4896288908647644,86.92052622356267,-88,86.92052622356267
B0043,95,3.4621709600387423,-0.9800816231955619,7.840911830800532,1.4780778852088083,86.24651976720013,-89,86.24651976720013
B0043,96,3.4569777103220325,-0.9774850815985034,7.866129688953066,1.4700035345334466,85.77537771704252,-90,85.77537771704252
B0043,97,3.449217752251389,-0.9753322406906505,7.9393273558149495,1.4565623180137077,84.9910765933564,-91,84.9910765933564
B0043,98,3.447579855504856,-0.970424713185739,8.020423171340544,1.445976962830235,84.37341628315885,-92,84.37341628315885
B0043,99,3.4358831885309766,-0.970256674882607,7.909281139740462,1.4325855992469252,83.59202410108549,-93,83.59202410108549
B0043,100,3.4393737351491587,-0.9652466121144252,7.9764627392531535,1.4197344854662965,82.8421557417771,-94,82.8421557417771
B0043,101,3.437163038991663,-0.9624204407769305,7.975220288628877,1.401262575071573,81.76431133253516,-95,81.76431133253516
B0043,102,3.432715938014848,-0.959579561659367,7.919276364601211,1.3862945308535968,80.8909191152234,-96,80.8909191152234
B0043,103,3.4312793781460638,-0.9569605305508407,8.087848756281263,1.384130256052478,80.7646326919677,-97,80.7646326919677
B0043,104,3.423768606452633,-0.9522133825707908,8.02258709983945,1.3651743201871416,79.65854517541945,-98,79.65854517541945
B0043,105,3.425776013992083,-0.9541332483411131,8.12948679263687,1.361508332192898,79.44463310138339,-99,79.44463310138339
B0043,106,3.4199159770745933,-0.951277080781025,8.089656475775936,1.351001663879717,78.83156420601041,-100,78.83156420601041
B0043,107,3.419545032162598,-0.9432133015363675,8.144440591218109,1.3282588067265129,77.5045081025025,-101,77.5045081025025
B0043,108,3.4121967412564467,-0.9477871437594549,8.231983414070719,1.3257206687421472,77.3564065917289,-102,77.3564065917289
B0043,109,3.407362058046422,-0.9403317488154684,8.207473278156359,1.3142909715978441,76.68947854243332,-103,76.68947854243332
B0043,110,3.4128712396915972,-0.9372882788479067,8.189312466474622,1.3003260094811093,75.87461662392283,-104,75.87461662392283
B0043,111,3.408624211537015,-0.9340008362934733,8.139466322876048,1.2881071401556836,75.16164001737596,-105,75.16164001737596
B0043,112,3.405803295662315,-0.9308225674416871,8.11394700059043,1.2767801501201566,74.50070497479263,-106,74.50070497479263
B0042,1,3.4614155612128847,-1.8939211913974323,30.57466734048236,1.7287126633755356,100.0,5,100.0
B0042,2,3.4852386922159138,-1.919584179064593,29.95773352180402,1.7314706281853145,100.15953864793201,4,100.15953864793201
B0042,3,3.488650146996854,-1.9414451091961449,29.657371849977196,1.7282350363146088,99.97237093988805,3,99.97237093988805
B0042,4,3.4946031502677606,-1.952411218384564,29.58111945436258,1.720344742291621,99.51594494208335,2,99.51594494208335
B0042,5,3.5041466859903747,-1.9696086717857546,29.852452033753185,1.7221734367707637,99.62172854151463,1,99.62172854151463
B0042,6,3.5813916541827884,-1.9976081862271116,29.44940696187815,0.0,0.0,0,0.0
B0042,7,3.511927235956774,-1.9934476128094072,30.133153080135422,1.708669577331945,98.8405773574624,-1,98.8405773574624
B0042,8,3.509889497883845,-1.9997503053848376,29.740453708978055,1.7036476485918646,98.55007629002218,-2,98.55007629002218
B0042,9,3.508503301766948,-1.9995857055614814,29.503354124651093,1.6958375743577971,98.09829072730076,-3,98.09829072730076
B0042,10,3.5093738486555153,-1.999480712152978,29.324509292718897,1.6949064846676911,98.04443043519832,-4,98.04443043519832
B0042,11,3.5046118772654107,-1.9994501505976243,29.22569193760115,1.6874768094352455,97.61464962836727,-5,97.61464962836727
B0042,12,3.5095049490219243,-1.9994421818851504,29.238210532728655,1.685989172917945,97.52859504284723,-6,97.52859504284723
B0042,13,3.505007993364287,-1.999407899212143,29.20609205353922,1.6782864747774933,97.08302081274867,-7,97.08302081274867
B0042,14,3.508074728787427,-1.9990854937416902,29.183920322474094,1.6739647640901527,96.83302491817926,-8,96.83302491817926
B0042,15,3.505745200469688,-1.9991858462433614,29.153714127894734,1.6722378801237066,96.73313070192042,-9,96.73313070192042
B0042,16,3.5048985290607786,-1.9989914019015806,29.10632507144163,1.6759897900491967,96.95016560916545,-10,96.95016560916545
B0042,17,3.5020910209596536,-1.9988805936646044,29.126742424015156,1.6618247672847988,96.13076843203487,-11,96.13076843203487
B0042,18,3.5056874475759354,-1.998923841150207,29.11535255703125,1.6606710352566112,96.06402905697097,-12,96.06402905697097
B0042,19,3.501789524982507,-1.9987415414363179,29.12272547212756,1.6530644874507203,95.62401678847527,-13,95.62401678847527
B0042,20,3.5025833976800564,-1.9984049924032652,29.13774561916092,1.649953986270456,95.4440851407143,-14,95.4440851407143
B0042,21,3.5037983873679237,-1.9987909313311893,29.35747712988229,1.681297805444492,97.2572157920993,-15,97.2572157920993
B0042,22,3.512523395065813,-1.9987942581899858,30.058298726634376,1.6700520424481298,96.60668761384188,-16,96.60668761384188
B0042,23,3.509324438333478,-1.9986644728662533,30.335552136245834,1.667181860354792,96.44065758732879,-17,96.44065758732879
B0042,24,3.507216525411572,-1.9984721935924135,30.22790176989086,1.6568865613275168,95.84511043565973,-18,95.84511043565973
B0042,25,3.5055185795629873,-1.9985308662699577,30.04068826163031,1.6449819446579936,95.1564698696632,-19,95.1564698696632
B0042,26,3.5041328171645443,-1.9984054053915892,29.995148407588697,1.639214585000014,94.8228482227483,-20,94.8228482227483
B0042,27,3.500597395262485,-1.9983882415644911,30.299545316589416,1.6410599890208055,94.92959841090209,-21,94.92959841090209
B0042,28,3.5042529973432037,-1.998374293478694,30.68092451180232,1.6432696512198481,95.05741966459314,-22,95.05741966459314
B0042,29,3.501278659398817,-1.9981525515062302,30.663435287795615,1.6298673102402295,94.2821409694369,-23,94.2821409694369
B0042,30,3.501431066556208,-1.9980383822206629,30.40848004603748,1.6238536344658807,93.93427079403097,-24,93.93427079403097
B0042,31,3.4934993616796306,-1.9979232246026066,30.239404481904074,1.6186308887044174,93.63215316210102,-25,93.63215316210102
B0042,32,3.491928488990642,-1.997803306177237,30.138707501965232,1.6193418112441196,93.67327755221882,-26,93.67327755221882
B0042,33,3.4957274527798257,-1.9980185647316375,30.49092272629849,1.614593271326993,93.39859107494998,-27,93.39859107494998
B0042,34,3.4919326250007057,-1.9977650982407589,30.52916769412123,1.6072040891927848,92.97115265266297,-28,92.97115265266297
B0042,35,3.4900059195673445,-1.9975731627964834,30.179619049814637,1.6012663590062357,92.62767566470853,-29,92.62767566470853
B0042,36,3.487760577211602,-1.9975539729276182,29.93310245467766,1.5940407410631041,92.20969886056905,-30,92.20969886056905
B0042,37,3.4820338003810947,-1.9973829316274176,29.855112852408766,1.5946888289374477,92.24718848438415,-31,92.24718848438415
B0042,38,3.4857768989088593,-1.9975492343534866,30.257387669276046,1.5882100957302596,91.8724163580241,-32,91.8724163580241
B0042,39,3.484962036012865,-1.9975022770940793,30.562785800580222,1.587985558077698,91.85942763772843,-33,91.85942763772843
B0042,40,3.4839596946536755,-1.997334294795813,30.59004134732037,1.5799165406650344,91.39266311499347,-34,91.39266311499347
B0042,41,3.479594890613384,-1.9971237584867627,30.190272809188617,1.5655946193652834,90.56418990465754,-35,90.56418990465754
B0042,42,2.7052764231784736,-3.938418442736194,24.183402923813027,0.07070127737340176,4.089822378887903,-36,4.089822378887903
B0042,43,2.679525148874618,-3.9351759952435854,23.826987359225914,0.08416878530139071,4.86887075478699,-37,4.86887075478699
B0042,44,2.6791157950874176,-3.9330339281400906,23.77974968565753,0.08443785621465827,4.884435568938473,-38,4.884435568938473
B0042,45,2.671214412999543,-3.931680950777038,23.729074463498662,0.08478919060590338,4.9047590384593756,-39,4.9047590384593756
B0042,46,2.691575483192303,-3.942868822909943,24.093822128089528,0.09334258183442584,5.399542897554898,-40,5.399542897554898
B0042,47,2.6739113004169983,-3.943133668889635,23.99346261249294,0.10603180131397782,6.133570000403479,-41,6.133570000403479
B0042,48,2.674532494466212,-3.941238449762143,24.134267829139272,0.106505866207118,6.160993001529327,-42,6.160993001529327
B0042,49,2.672674327169749,-3.940098411106424,24.399198659580694,0.09439111585512952,5.460196934684254,-43,5.460196934684254
B0042,50,2.795919785016863,-3.895915337791737,19.290333517015608,0.09450595927387112,5.466840226029002,-44,5.466840226029002
B0042,51,2.647432949750048,-3.939911966880655,24.880141621063864,0.08211456108215626,4.750041046255595,-45,4.750041046255595
B0042,52,2.650103128820241,-3.9391677500177606,24.484790248053308,0.09518470631946747,5.506103376000439,-46,5.506103376000439
B0042,53,2.6386351740397065,-3.938160748076452,24.324380281877854,0.09539129998659052,5.518054099304544,-47,5.518054099304544
B0042,54,2.641516205964566,-3.9364453051464534,24.31173812149945,0.08289664565854568,4.795281912072029,-48,4.795281912072029
B0042,55,2.6361490952131295,-3.9374486872527408,24.798155128694976,0.08343199036452603,4.826249736703741,-49,4.826249736703741
B0042,56,2.6207075351068374,-3.9362749816753353,24.477937441374635,0.09624772156495698,5.56759510149135,-50,5.56759510149135
B0042,57,2.609437196185719,-3.9328752001842844,24.426888204419104,0.0871279249656989,5.0400466666085695,-51,5.0400466666085695
B0042,58,2.6133279392952935,-3.9348711002995205,24.529804368213707,0.09681912182757578,5.600648614358148,-52,5.600648614358148
B0042,59,2.6084761921076955,-3.9340089265905283,24.521420210496924,0.08440054891345107,4.8822774716445965,-53,4.8822774716445965
B0042,60,2.602763654326182,-3.9338909734981855,24.626500323697712,0.09770121716674529,5.651674754089613,-54,5.651674754089613
B0042,61,2.5909779927483028,-3.933060350490302,24.561944088587065,0.08517426476572666,4.927034235950633,-55,4.927034235950633
B0042,62,2.5818616349209504,-3.9328133118112514,24.349376846518034,0.08471993544879124,4.900752869095352,-56,4.900752869095352
B0042,63,2.5894657078700765,-3.931442483824809,24.83962802826491,0.08548836969893649,4.9452041111337355,-57,4.9452041111337355
B0042,64,2.74324665969125,-3.8726297778107583,18.66421642737719,0.08577749933433501,4.961929252420892,-58,4.961929252420892
B0042,65,2.7253834676969557,-3.866632309551034,18.036688378070966,0.08595553255245832,4.9722278533333,-59,4.9722278533333
B0042,66,2.719690012340044,-3.863052351120637,18.05907472602224,0.08614796979658328,4.983359676926772,-60,4.983359676926772
B0042,67,2.615760645023181,-3.9362026199966365,24.765477730551947,0.08652450808993331,5.005141104304922,-61,5.005141104304922
B0042,68,2.5894472814365503,-3.935267346074326,25.247650848522692,0.08676036428685732,5.0187845629271015,-62,5.0187845629271015
B0042,69,2.5730668910828003,-3.9325874401041485,24.850317398468412,0.08662025389371077,5.010679665212464,-63,5.010679665212464
B0042,70,2.7401588017218352,-3.8727999832071216,18.864531156596232,0.0869802394927499,5.031503576939715,-64,5.031503576939715
B0042,71,2.5703065006615917,-3.933637026469155,25.750153086607327,0.07387787113473963,4.273577252016163,-65,4.273577252016163
B0042,72,2.554774172450461,-3.9300907584627907,25.210180888220314,0.08775865702231889,5.076532316883635,-66,5.076532316883635
B0042,73,2.569770688194377,-3.930747740189577,25.400612986280134,0.08790576300272998,5.085041884929713,-67,5.085041884929713
B0042,74,2.5650203867450827,-3.929501181608493,25.47246500800018,0.08808784882200178,5.095574914688184,-68,5.095574914688184
B0042,75,2.5498903733729468,-3.92912394117899,25.7066698253335,0.08834250268158712,5.1103057525527085,-69,5.1103057525527085
B0042,76,2.541309292458781,-3.9284467564220784,25.73079046383608,0.07463055332745072,4.317117292455352,-70,4.317117292455352
B0042,77,2.532211294556467,-3.9267682674435918,25.610151874322735,0.07485698665122698,4.330215670721067,-71,4.330215670721067
B0042,78,2.5336398931006547,-3.9278468443801544,25.871001272619925,0.07527573643141765,4.354438885432355,-72,4.354438885432355
B0042,79,2.5300104336765603,-3.9256584663973166,25.600970602838455,0.07532351860488727,4.357202917563428,-73,4.357202917563428
B0042,80,2.5687661609629626,-3.9058724989108504,22.972831047751573,0.07553765302367196,4.369589847058498,-74,4.369589847058498
B0042,81,2.6667675405848916,-3.863354268170434,19.739623944709617,0.07584285606128259,4.387244778619808,-75,4.387244778619808
B0042,82,3.1051211862160657,-3.22393930405399,6.0573358126113375,0.0759921803489148,4.395882668003959,-76,4.395882668003959
B0042,83,3.133556616526209,-3.224483832257962,6.452306826213871,0.07621652609591999,4.4088602872323115,-77,4.4088602872323115
B0042,84,3.175407439924743,-3.1336357808131234,5.8829411130714435,0.06216923141552526,3.596273269273783,-78,3.596273269273783
B0042,85,3.102016459243783,-3.224095150373821,7.141415346306763,0.0759822277461493,4.39530694463614,-79,4.39530694463614
B0042,86,3.1454428736631384,-3.134890688113641,4.976092805264432,0.06227013548943564,3.6021102181229545,-80,3.6021102181229545
B0042,87,3.1652602154514007,-3.1337747765377175,6.411857494253951,0.06259446608798445,3.620871612391653,-81,3.620871612391653
B0042,88,3.375833171038118,-0.9606132638664066,8.336150156814936,1.4377344766079456,83.16792646156607,-82,83.16792646156607
B0042,89,3.4250125349211604,-0.9944195894158236,8.088311260303593,1.5246019289244055,88.19290569361726,-83,88.19290569361726
B0042,90,3.427812476893316,-0.9986292541736457,8.108636077883194,1.5215273965539478,88.01505471608961,-84,88.01505471608961
B0042,91,3.4260236276092266,-1.0007710730973127,8.179473273978417,1.5155323631175952,87.66826293493575,-85,87.66826293493575
B0042,92,3.427137964017458,-1.0029400958959638,8.133323147997125,1.5044249661534554,87.02573874919564,-86,87.02573874919564
B0042,93,3.4224753028837007,-1.002976218809888,8.221548017024785,1.5001507149498807,86.77848822028305,-87,86.77848822028305
B0042,94,3.4137666152192327,-1.0029036577307848,8.196033184015114,1.489011227320312,86.13410770143977,-88,86.13410770143977
B0042,95,3.415284661394718,-1.0028526103336208,8.16363192494008,1.4810149357562845,85.6715501154721,-89,85.6715501154721
B0042,96,3.411339830211172,-1.002761137143926,8.182297960881899,1.476262027748574,85.3966109593934,-90,85.3966109593934
B0042,97,3.406171736681637,-1.0028500275234071,8.239851195999249,1.4662551025438961,84.81774522787627,-91,84.81774522787627
B0042,98,3.404061107280645,-1.0027529355519171,8.314381068196377,1.4593282593817019,84.41705150306322,-92,84.41705150306322
B0042,99,3.3920891926927386,-1.0027471224260915,8.203300249486228,1.445704157754381,83.62894472765973,-93,83.62894472765973
B0042,100,3.3962072676781316,-1.0026619793717584,8.252382764570392,1.4400686089389023,83.30294787839303,-94,83.30294787839303
B0042,101,3.395827065629725,-1.002740647957347,8.247452041994245,1.4290313659547842,82.6644818557883,-95,82.6644818557883
B0042,102,3.3924931276502397,-1.0027179745166037,8.179356055314594,1.414172188151386,81.80493022999157,-96,81.80493022999157
B0042,103,3.389283502389414,-1.0026894950538923,8.33800631225338,1.415603079129078,81.88770228390237,-97,81.88770228390237
B0042,104,3.377876069069322,-1.0025103497063337,8.293330795902381,1.3994410223300702,80.95278365101348,-98,80.95278365101348
B0042,105,3.386987302997725,-1.0024134076376698,8.373136255476883,1.3959635285794907,80.75162276266843,-99,80.75162276266843
B0042,106,3.3829130588839496,-1.0024655689800792,8.329037453715973,1.3929784652630588,80.57894725796059,-100,80.57894725796059
B0042,107,3.3774651407729346,-1.0024461693775721,8.396128944133206,1.3740772023800918,79.4855751040215,-101,79.4855751040215
B0042,108,3.3780934843236405,-1.002355515867145,8.43692173445999,1.3752493030002435,79.55337703808398,-102,79.55337703808398
B0042,109,3.364163079749717,-1.0023378437056385,8.419794670115083,1.3671966130854505,79.08755700417106,-103,79.08755700417106
B0042,110,3.3705853863809336,-1.0021679698004895,8.409805733876953,1.356887600783644,78.49121658738503,-104,78.49121658738503
B0042,111,3.366371835007897,-1.0021759719497005,8.370055044633526,1.3449320225969348,77.79962807530897,-105,77.79962807530897
B0042,112,3.3609438971566736,-1.0021900129076768,8.33428157906845,1.3374691704584258,77.36792810014151,-106,77.36792810014151
B0039,1,3.3780267772090253,-1.7216522308231414,34.70141183965182,0.11903831859341765,100.0,46,100.0
B0039,2,3.5388339739777925,-1.3777686088249814,34.602296282226774,0.4729861500927512,397.33940774841005,45,397.33940774841005
B0039,3,3.5283987355327224,-1.3955410359909974,34.706915531211784,0.16280793829202067,136.7693531089772,44,136.7693531089772
B0039,4,3.523734020299432,-1.414099580611061,34.771517765327,0.4787632853388766,402.19258050352727,43,402.19258050352727
B0039,5,3.5290210250014034,-1.4062420604723467,34.709560141583104,0.4711383364607152,395.787123027095,42,395.787123027095
B0039,6,3.528853302126734,-1.417553449529416,34.65890294500357,0.4668172561120673,392.15713194547794,41,392.15713194547794
B0039,7,3.4540436783572668,-1.705386422586468,35.44499437757343,0.4699932676625547,394.8251900867688,40,394.8251900867688
B0039,8,3.53257704827921,-1.409614813413039,34.6176662375867,0.4627052684317185,388.70279242780254,39,388.70279242780254
B0039,9,3.5299976922060075,-1.4193953971803481,34.65017232704175,0.46049447826560974,386.8455835960315,38,386.8455835960315
B0039,10,3.5156652919077627,-1.4499971979709174,34.822277873738145,0.4412227248835694,370.65604596667015,37,370.65604596667015
B0039,11,3.5295294248045366,-1.4318958455799564,34.67233382014022,0.44354421943965844,372.6062537514577,36,372.6062537514577
B0039,12,3.52826089394077,-1.4237231581935579,34.74469432520436,0.4126655541164234,346.66614833993646,35,346.66614833993646
B0039,13,3.6461406726770127,-0.9931771469825759,44.007524345018545,1.7461791006389626,1466.9050447554955,34,1466.9050447554955
B0039,14,3.64392186740937,-0.9751829593896583,46.67611297517316,1.7695250734505363,1486.5171940931498,33,1486.5171940931498
B0039,15,3.6463500592094675,-0.9751939760319923,46.6383045331837,1.7715391419501945,1488.2091438144303,32,1488.2091438144303
B0039,16,3.645585479395615,-0.9750119009804334,46.624310116631904,1.770625483958279,1487.4416111386402,31,1487.4416111386402
B0039,17,3.6468115454863126,-0.9763225329640914,46.60181681852236,1.7704040639447296,1487.2556037956554,30,1487.2556037956554
B0039,18,3.6451349051966417,-0.9746122484452725,46.64079559317347,1.7695081788801759,1486.503001545271,29,1486.503001545271
B0039,19,3.6561026070574316,-0.991639778772074,46.65269866016946,1.7638356274269416,1481.7376860399258,28,1481.7376860399258
B0039,20,3.6458870173477007,-0.9776620652375614,46.637301691869546,1.7715725869786123,1488.2372398332693,27,1488.2372398332693
B0039,21,3.645766068703999,-0.97593374546125,46.62385161772923,1.7701196454489683,1487.0166735930768,26,1487.0166735930768
B0039,22,3.6446971444609972,-0.9744225907364069,46.59535143073503,1.7667569752860521,1484.1918099671032,25,1484.1918099671032
B0039,23,3.6438349804131214,-0.974188913140975,46.59281927437507,1.7648743629092642,1482.610292016385,24,1482.610292016385
B0039,24,3.6455211713700875,-0.9756114349265528,46.595538716376765,1.763838685943225,1481.7402553943318,23,1481.7402553943318
B0039,25,3.6442867502271574,-0.9755764719558602,46.61592285314662,1.7657225752056789,1483.32284601281,22,1483.32284601281
B0039,26,3.6438395995465793,-0.9738254896234411,46.61306744285817,1.7645632809383045,1482.348962744739,21,1482.348962744739
B0039,27,3.6432430775983096,-0.9753455155568392,46.60739102749507,1.7608991948479125,1479.27088995802,20,1479.27088995802
B0039,28,3.6429596917730023,-0.9751784320040702,46.59731896053421,1.7598362095817717,1478.3779125716612,19,1478.3779125716612
B0039,29,3.6431420009845095,-0.973600435800719,46.60563234024716,1.7590955400143164,1477.7557015254981,18,1477.7557015254981
B0039,30,3.6420393576004138,-0.9749580537234221,46.62474216211915,1.7560495443976523,1475.1968653014517,17,1475.1968653014517
B0039,31,3.6405822186622365,-0.9716546701373575,46.6386326424737,1.7571677199949287,1476.1362061880577,16,1476.1362061880577
B0039,32,3.640101281169697,-0.9715222945577336,46.62408082494751,1.7558911269459976,1475.063784245262,15,1475.063784245262
B0039,33,3.6389138404319192,-0.9730192985244435,46.6573959514452,1.7533419072229914,1472.9222723748587,14,1472.9222723748587
B0039,34,3.6390963886375602,-0.9728763615065116,46.69850634609825,1.7506673845335168,1470.6754977890973,13,1470.6754977890973
B0039,35,3.639310178523211,-0.9727174864909481,46.70366699259687,1.7510006664162403,1470.955476443586,12,1470.955476443586
B0039,36,3.6382966465278597,-0.9708770463110533,46.69858207228199,1.7496058853847873,1469.7837688388968,11,1469.7837688388968
B0039,37,3.6368192187368806,-0.9707953984260251,46.68478011498361,1.7477359172183355,1468.2128728546895,10,1468.2128728546895
B0039,38,3.634846725471178,-0.9707512160925147,46.691631182155156,1.7444225468099093,1465.4294242579876,9,1465.4294242579876
B0039,39,3.635905813888798,-0.9689523533406329,46.752413955353425,1.743308366083936,1464.493439325456,8,1464.493439325456
B0039,40,3.470841442961561,-1.897442497029331,49.300859599002976,1.6556691733888471,1390.8707657774319,7,1390.8707657774319
B0039,41,3.4717307267626065,-1.8762389619942321,49.34643167372232,1.64297669457593,1380.2082505782134,6,1380.2082505782134
B0039,42,3.470065952813119,-1.8688554169399538,49.35236153077406,1.6343822729361266,1372.988372356346,5,1372.988372356346
B0039,43,3.468937839466871,-1.867958006398749,49.34646841409122,1.6265067062165601,1366.372379445302,4,1366.372379445302
B0039,44,3.468115577491925,-1.8602935835155212,49.35565140520816,1.618865991735961,1359.9536778281392,3,1359.9536778281392
B0039,45,3.467077155738093,-1.8593916153072554,49.368284273788476,1.6114968339209264,1353.7631016320788,2,1353.7631016320788
B0039,46,3.2199500199575746,-3.2987153931778748,55.97390404609549,1.3240805773461226,1112.3145832297896,1,1112.3145832297896
B0039,47,3.22661988786129,-3.2988222829259044,55.95647115817562,1.3153386221697692,1104.9707671547221,0,1104.9707671547221
B0034,1,3.1178767585161347,-1.9933511025949644,38.95836982096889,0.7459302957645664,100.0,196,100.0
B0034,2,3.3022762078952885,-1.9787478556297067,39.10734156415766,1.6623217152845853,222.85215183286434,195,222.85215183286434
B0034,3,3.3294991412960915,-1.9609699675983687,39.20920805238827,1.645087369694532,220.5417019573316,194,220.5417019573316
B0034,4,3.349383007098789,-1.9366251479989427,38.936075977838854,1.620729289277574,217.27623860837463,193,217.27623860837463
B0034,5,3.3541317530780055,-1.9296993194196932,38.60445981652459,1.5967402025126005,214.0602428375654,192,214.0602428375654
B0034,6,3.369692035482086,-1.8861346839189572,37.79484872719341,1.4856500618812698,199.16741152851324,191,199.16741152851324
B0034,7,3.3729072074215103,-1.878796746756769,37.65277428767197,1.4866702197497013,199.30417469180395,190,199.30417469180395
B0034,8,3.376976361461993,-1.8723916722187988,37.91666092404816,1.4701330958405268,197.08719490118904,189,197.08719490118904
B0034,9,3.3791099564139215,-1.8590598981345452,37.78228277348195,1.4565041801019636,195.26009177694957,188,195.26009177694957
B0034,10,3.3845619896694177,-1.8455810936527,37.5830936155511,1.4418961035576472,193.30172158776944,187,193.30172158776944
B0034,11,3.383128626739751,-1.8444812955511094,37.550522561172464,1.4370949588970292,192.65807637214013,186,192.65807637214013
B0034,12,3.386094893398141,-1.8435378224723704,37.681954258546924,1.4458703624967404,193.8345138555804,185,193.8345138555804
B0034,13,3.3916477322319585,-1.8296929439731453,37.440274736517715,1.4321040545618373,191.98899182583193,184,191.98899182583193
B0034,14,3.3914152987340267,-1.8286913393639905,37.402773880575964,1.426720633302465,191.26728615307138,183,191.26728615307138
B0034,15,3.3964131813944722,-1.8146752424570791,37.26498054251945,1.4230846885129826,190.77984854527784,182,190.77984854527784
B0034,16,3.403051791482094,-1.8075203268976412,37.570569601089254,1.4409479522418907,193.17461167935838,181,193.17461167935838
B0034,17,3.4002648970649156,-1.8262934110095792,38.400250729227935,1.486901544051865,199.33518620902976,180,199.33518620902976
B0034,18,3.402154252869035,-1.8395285698527164,39.102942991019354,1.5245313226850703,204.3798638212503,179,204.3798638212503
B0034,19,3.407206655670774,-1.8047483945772262,37.80351021576893,1.4629049605190707,196.1181854156516,178,196.1181854156516
B0034,20,3.404574250610661,-1.7959916493195849,37.356060000664904,1.4230794508549893,190.77914638074273,177,190.77914638074273
B0034,21,3.4067467727915552,-1.781271140675487,37.06076524279572,1.4051040863603435,188.36935493015937,176,188.36935493015937
B0034,22,3.327594909243545,-1.9422323790824174,39.94613025797719,1.6329463925070862,218.914073041281,175,218.914073041281
B0034,23,3.387012528508769,-1.8688152377047642,38.718351533776065,1.5687138208259117,210.30300414571656,174,210.30300414571656
B0034,24,3.39384813983459,-1.8406021933680259,38.131331549186825,1.5149520966053402,203.09566526622154,173,203.09566526622154
B0034,25,3.4020764335853744,-1.8125906145533162,37.90482918212311,1.4855182940634626,199.14974663159788,172,199.14974663159788
B0034,26,3.400466282848084,-1.8110391962814834,38.06681078125698,1.480771929049074,198.51344521827028,171,198.51344521827028
B0034,27,3.4030809584663944,-1.8097841749979182,38.24251669378549,1.484026357317059,198.94973642221572,170,198.94973642221572
B0034,28,3.4070525055582563,-1.8021093934434649,38.56098530062726,1.4922153055506522,200.04755323969727,169,200.04755323969727
B0034,29,3.4060276994838254,-1.800815649461131,38.38922286871294,1.473312924099279,197.5134851694363,168,197.5134851694363
B0034,30,3.408174888188947,-1.7788779160462762,37.90831705954933,1.441593178980006,193.26111128150342,167,193.26111128150342
B0034,31,3.405126191511401,-1.7776506180150589,37.78900459955153,1.4225873198015788,190.713170906063,166,190.713170906063
B0034,32,3.409764436063523,-1.7757913058945813,37.868460669545925,1.4266489379486664,191.25767461775695,165,191.25767461775695
B0034,33,3.410480218060336,-1.781934305037178,38.32719437027863,1.4596775560238577,195.68551703986122,164,195.68551703986122
B0034,34,3.4102489283524573,-1.7740392922449235,38.222749634083,1.4396159938545154,192.99604829415495,163,192.99604829415495
B0034,35,3.4144357338683236,-1.758159329896538,37.708662488006475,1.4195512657848512,190.30615512537057,162,190.30615512537057
B0034,36,3.408669177651725,-1.764462484778239,37.8703638417689,1.4118101714470452,189.2683779521199,161,189.2683779521199
B0034,37,3.4118322352896917,-1.7624729823299456,37.83489284744581,1.4044196701845313,188.27760156128585,160,188.27760156128585
B0034,38,3.412313772481234,-1.7852228610575493,39.269306296372,1.4735059098606866,197.53935699184427,159,197.53935699184427
B0034,39,3.4055246588869954,-1.806117173524204,40.1506450904851,1.492658600645149,200.1069817274546,158,200.1069817274546
B0034,40,3.412772999015033,-1.7898966673086716,39.44313364004617,1.4820260149945934,198.68156896289364,157,198.68156896289364
B0034,41,3.4159307513752806,-1.7588595515353411,38.29706396735563,1.423575357658995,190.8456280355061,156,190.8456280355061
B0034,42,3.414462463305671,-1.7569483309674612,38.00009263186772,1.4038252197245347,188.1979090667764,155,188.1979090667764
B0034,43,3.3922002422487143,-1.853554274466124,39.66453202372922,1.5363173478836125,205.95990759550963,154,205.95990759550963
B0034,44,3.3972119520639095,-1.8469058434531274,40.503647950320534,1.5440367168176732,206.99477224410904,153,206.99477224410904
B0034,45,3.407734218697208,-1.809719941535708,39.602225792574906,1.507892155360249,202.1492040103672,152,202.1492040103672
B0034,46,3.3050275542473186,-1.951674467634044,43.00893271743553,1.8203060058691092,244.03164963333808,151,244.03164963333808
B0034,47,3.350291194323394,-1.9208770535561435,40.64495633031262,1.5936575758226643,213.6469834878058,150,213.6469834878058
B0034,48,3.378826251452736,-1.8756315967870998,39.63966215341089,1.533070464968097,205.52462792742915,149,205.52462792742915
B0034,49,3.3905180732853615,-1.837523884399117,39.16680148065847,1.4862143093107285,199.24305498108012,148,199.24305498108012
B0034,50,3.387526907959532,-1.8376918380374707,39.82254974386062,1.5029318848267783,201.484226255524,147,201.484226255524
B0034,51,3.3911818711119515,-1.8447319494358396,40.67552783597674,1.5202185406928062,203.80168888764692,146,203.80168888764692
B0034,52,3.390835631837091,-1.8363552560101446,40.582538417129676,1.5118194735004464,202.67570335789298,145,202.67570335789298
B0034,53,3.396934021472626,-1.804847667473282,39.684346755235566,1.464601301820905,196.34559825991684,144,196.34559825991684
B0034,54,3.3994906529891598,-1.7965264889900276,39.47995207463314,1.4546140961511749,195.00670564133867,143,195.00670564133867
B0034,55,3.3981483429417363,-1.7880255809187031,39.48992781243277,1.4333400490204142,192.15469021153834,142,192.15469021153834
B0034,56,3.3988819411159534,-1.794490448292537,39.852310270589804,1.4493262346396159,194.29781078325556,141,194.29781078325556
B0034,57,3.3979295593430394,-1.8100461507144519,40.873690307547484,1.495199821798908,200.44765982676068,140,200.44765982676068
B0034,58,3.3987236708202504,-1.8015738065563547,40.55984735939729,1.4720590241846008,197.3453863642533,139,197.3453863642533
B0034,59,3.4080267118315724,-1.7534517505866212,38.988662122088876,1.4097383014648728,188.9906214386847,138,188.9906214386847
B0034,60,3.4076313780555267,-1.7513221260920173,38.71511147644418,1.3861944181384176,185.83430998972779,137,185.83430998972779
B0034,61,3.407885887358127,-1.7425277851045473,38.51149851182021,1.3624125407550536,182.64609287099714,136,182.64609287099714
B0034,62,3.4003875411941866,-1.7826705089192836,40.112479285456395,1.4471377445077278,194.0044200811599,135,194.0044200811599
B0034,63,3.4076622967245975,-1.7740815054978625,40.84012758949483,1.4554483390450048,195.11854489744167,134,195.11854489744167
B0034,64,3.4032529056881784,-1.7809841749397886,40.348969230016365,1.4423952167302958,193.36863309082577,133,193.36863309082577
B0034,65,3.406174357529073,-1.747182095051256,38.95729074496056,1.377541945989605,184.67435279293048,132,184.67435279293048
B0034,66,3.4049736944362246,-1.73814436809975,38.73711200799833,1.3539935892900532,181.51744164007067,131,181.51744164007067
B0034,67,3.3580774287935817,-1.8824146171130414,40.231060876384255,1.5509038861664448,207.91539034847668,130,207.91539034847668
B0034,68,3.38250056099739,-1.8524024614367005,40.929553501935686,1.5562932697752867,208.6378953384795,129,208.6378953384795
B0034,69,3.390086865994553,-1.826530681368946,39.993709319022244,1.5067526605064707,201.99644243730225,128,201.99644243730225
B0034,70,3.392978809154906,-1.7929643530908497,39.1022619385273,1.444138733302766,193.60237028884143,127,193.60237028884143
B0034,71,3.400527096110287,-1.7679531131415926,38.63703610404588,1.4144103811292437,189.61696409977503,126,189.61696409977503
B0034,72,3.4009920061492966,-1.758494914822024,38.457946337552535,1.3897574212362729,186.31196897718095,125,186.31196897718095
B0034,73,3.395963139634734,-1.7913624328840858,39.988534225003114,1.449968311475299,194.38388810701207,124,194.38388810701207
B0034,74,3.399629787670528,-1.7913224989214867,40.84025138634754,1.4678653068012166,196.7831733254216,123,196.7831733254216
B0034,75,3.3983167205445777,-1.7734088198098006,39.64173378499159,1.4290644310445066,191.5814975150914,122,191.5814975150914
B0034,76,3.398539512076107,-1.7476951824023108,38.82196729294636,1.376744834668327,184.56749142454203,121,184.56749142454203
B0034,77,3.4065465230061798,-1.729077993258934,38.27601981086532,1.3515813262521057,181.19405176682855,120,181.19405176682855
B0034,78,3.4067781130872956,-1.7290902219307398,38.30615482092432,1.353993472828928,181.51742602720097,119,181.51742602720097
B0034,79,3.4044214192090116,-1.7360856942372698,38.50347850214561,1.3577165116893766,182.0165395343997,118,182.0165395343997
B0034,80,3.4020136665550305,-1.7266849618679287,38.25735173096823,1.334169315351027,178.85978394047197,117,178.85978394047197
B0034,81,3.408929572366065,-1.7171675465127403,38.29433048905591,1.3372147888783987,179.268062508143,116,179.268062508143
B0034,82,3.407512024075691,-1.7243425380133646,38.19006452807094,1.339045224276927,179.51345211209414,115,179.51345211209414
B0034,83,3.4012246723873067,-1.7314023398283604,38.326737735855446,1.3439244604756322,180.16756634051598,114,180.16756634051598
B0034,84,3.4019343263921806,-1.7315370302816349,38.326112920062165,1.3454786192090245,180.3759180782342,113,180.3759180782342
B0034,85,3.4080993396118826,-1.7217927604432464,38.2504483640825,1.3482263029682544,180.7442747162246,112,180.7442747162246
B0034,86,3.4012585484878985,-1.728989688622418,38.2552215314073,1.3373192299576058,179.28206396106697,111,179.28206396106697
B0034,87,3.400118948427692,-1.7363791085179334,38.4827926779255,1.3402523341553034,179.6752782083434,110,179.6752782083434
B0034,88,3.4044380735101045,-1.7191649059489624,38.208311929566015,1.3290965682379121,178.17972748721914,109,178.17972748721914
B0034,89,3.4027761465827293,-1.7265467227383982,38.37963443029051,1.3323485655766352,178.61569279888272,108,178.61569279888272
B0034,90,3.407661438923026,-1.726628901233422,38.847888287026734,1.3501541310555516,181.00272086035406,107,181.00272086035406
B0034,91,3.406219322901771,-1.7439767424511525,39.55793696996327,1.381523441054128,185.20811514138717,106,185.20811514138717
B0034,92,3.403483836522725,-1.7438949547598264,39.995989656775905,1.3835971952817807,185.48612425824805,105,185.48612425824805
B0034,93,3.401643655881062,-1.7239330841004026,38.637111363644244,1.3301161862080901,178.3164182713269,104,178.3164182713269
B0034,94,3.401100143150002,-1.7215733668196036,38.17458507378806,1.3176982121703233,176.65165494045314,103,176.65165494045314
B0034,95,3.406245698013471,-1.7115169207570662,37.84309122903104,1.3063657719651272,175.1324191258546,102,175.1324191258546
B0034,96,3.404609654515602,-1.7218255733894667,38.7849806497393,1.3381567383793782,179.39434099640494,101,179.39434099640494
B0034,97,3.3978374456616303,-1.7464028089407726,39.47058624854092,1.3563258092165067,181.83010087105993,100,181.83010087105993
B0034,98,3.3958647763622594,-1.7536342273893653,39.61654428235802,1.3648997529550058,182.97953048763168,99,182.97953048763168
B0034,99,3.4029256137765205,-1.726531730710585,38.42381623938057,1.3337639975535058,178.80544671890817,98,178.80544671890817
B0034,100,3.4052852363977686,-1.7162971244779048,38.11461669687029,1.3060123668658763,175.0850413613024,97,175.0850413613024
B0034,101,3.4007629589889867,-1.7241037426046357,38.33391837467719,1.3101868361375808,175.6446739831985,96,175.6446739831985
B0034,102,3.4011297944340977,-1.734239204579505,39.42514383600653,1.3567668941696103,181.8892330655301,95,181.8892330655301
B0034,103,3.399331416433363,-1.7519633999941742,40.315066740163225,1.3916857433587717,186.5704813520567,94,186.5704813520567
B0034,104,3.3981521617785853,-1.741661014368029,39.53448316157278,1.3629935079344777,182.72397778634686,93,182.72397778634686
B0034,105,3.4035091903916523,-1.7213520368201807,38.37203224972586,1.3211711973900628,177.1172460606234,92,177.1172460606234
B0034,106,3.3990218794534157,-1.7213249052728743,38.3101923015924,1.3074869015593356,175.28271863782967,91,175.28271863782967
B0034,107,3.4057934055092884,-1.7112135934528914,38.27774779605142,1.3105881895483489,175.69847973596745,90,175.69847973596745
B0034,108,3.3956244120578263,-1.756910982199254,40.334191485925615,1.376312668196664,184.50955484868274,89,184.50955484868274
B0034,109,3.400151892919731,-1.757472358582005,40.79229920392578,1.391764929132287,186.58109705890826,88,186.58109705890826
B0034,110,3.395401002342427,-1.7545668980958757,39.99900717802979,1.3649746353453525,182.98956927956326,87,182.98956927956326
B0034,111,3.3978188140801495,-1.7345909430155575,38.793911542282345,1.3219093937291897,177.21620924033581,86,177.21620924033581
B0034,112,3.392562018908607,-1.7419815147499944,38.67005005769116,1.3090033888073913,175.48602010670237,85,175.48602010670237
B0034,113,3.40172041057263,-1.7240295509078702,38.826649526191886,1.3327005721973733,178.66288308230958,84,178.66288308230958
B0034,114,3.483606791060758,-1.5139109254949328,40.05350414099234,1.7423975189669398,233.58717682608813,83,233.58717682608813
B0034,115,3.4027541068274787,-1.7448643036753848,39.89751111071057,1.37734756281946,184.64829363281206,82,184.64829363281206
B0034,116,3.399518032588874,-1.7422768724138988,39.197243061406944,1.34875988767775,180.8158075005243,81,180.8158075005243
B0034,117,3.4048948132853294,-1.731761904660173,38.90698912730004,1.3501504559881146,181.0022281779335,80,181.0022281779335
B0034,118,3.3989458032986057,-1.7394457190997812,38.91493347992841,1.3387814875085953,179.47809535425372,79,179.47809535425372
B0034,119,3.402552549263599,-1.7291852801439969,38.753372299612906,1.3253371210402685,177.67573304980456,78,177.67573304980456
B0034,120,3.3917372089469744,-1.7552053099717762,39.091854428154555,1.3308160596334049,178.41024385118186,77,178.41024385118186
B0034,121,3.399163910018903,-1.737147942355728,38.79791433490267,1.333083376618503,178.71420214299172,76,178.71420214299172
B0034,122,3.3961519106185554,-1.7450526641182944,38.87342544692156,1.3333226534895923,178.74627978783974,75,178.74627978783974
B0034,123,3.3999185413871995,-1.7341883809096077,38.72429474171124,1.3264281097516475,177.82199185140755,74,177.82199185140755
B0034,124,3.397850235603045,-1.734400276547127,38.693927613601694,1.323971040986857,177.49259528731278,73,177.49259528731278
B0034,125,3.399278705498605,-1.7344615887918813,38.83689474258564,1.3249364225071156,177.62201509044183,72,177.62201509044183
B0034,126,3.393991029909916,-1.7422565015843707,38.98262569198278,1.3283067675570923,178.07384618901952,71,178.07384618901952
B0034,127,3.3920728040875394,-1.7506020276231054,39.051031869034375,1.314584348909226,176.2342079914851,70,176.2342079914851
B0034,128,3.3991110461098466,-1.7318011089547243,38.79001119015603,1.3166841798543303,176.51571297352262,69,176.51571297352262
B0034,129,3.395190942431077,-1.739970121407176,38.89401391225135,1.3041727649654073,174.83842288891773,68,174.83842288891773
B0034,130,3.3964846031258618,-1.7427011000827153,40.171574663158054,1.3534450073572306,181.44389831625912,67,181.44389831625912
B0034,131,3.394474869519725,-1.7609977485305528,41.036063659744045,1.371294082513786,183.83675931921118,66,183.83675931921118
B0034,132,3.396433031795198,-1.7510064310910844,40.43961489235273,1.357699321922511,182.0142350607829,65,182.0142350607829
B0034,133,3.391155270712207,-1.7476615383639926,39.651877682602084,1.3286903090919502,178.12526406774566,64,178.12526406774566
B0034,134,3.395487164367482,-1.737132841849628,39.179107326892364,1.3143943268181724,176.20873348104726,63,176.20873348104726
B0034,135,3.3795305779550775,-1.7833514969895126,40.11810121003218,1.3866783030110723,185.89917997495326,62,185.89917997495326
B0034,136,3.392303218262864,-1.7701661084313474,40.80596825835928,1.3868330458429208,185.9199249202554,61,185.9199249202554
B0034,137,3.4001334063326003,-1.7401783923806777,39.68459882372221,1.3548037379291014,181.6260508014961,60,181.6260508014961
B0034,138,3.393642423268678,-1.7373219803903293,39.35391690299883,1.3255787669951669,177.7081282958846,59,177.7081282958846
B0034,139,3.401001567788519,-1.726421739308256,38.774974385595264,1.3119728676377553,175.8841107657391,58,175.8841107657391
B0034,140,3.400303147037451,-1.7241986137944987,38.265844006523615,1.3064487948795198,175.14354924281915,57,175.14354924281915
B0034,141,3.4014259376568985,-1.7352631240732408,39.684480872315234,1.3418431880549024,179.88854932879957,56,179.88854932879957
B0034,142,3.3937688197583187,-1.7542912065406973,40.52184920089412,1.3609210170759327,182.44613803773862,55,182.44613803773862
B0034,143,3.40281516420186,-1.7326282784227318,39.34384441360489,1.3299603677394973,178.2955291253199,54,178.2955291253199
B0034,144,3.402086089777065,-1.7211553304454028,38.612144786286876,1.299069387625936,174.1542601235161,53,174.1542601235161
B0034,145,3.3974407926386454,-1.7293251908726686,38.61589548680076,1.2984544371955695,174.07181938691403,52,174.07181938691403
B0034,146,3.3900153291758635,-1.748688834226016,39.405725006770766,1.3176486091610087,176.6450051221529,51,176.6450051221529
B0034,147,3.4000590460263824,-1.7409400126466616,39.93466601122023,1.3360648564106594,179.11390166037094,50,179.11390166037094
B0034,148,3.3987353103697178,-1.7514562329904435,41.55493252456659,1.3635797361860138,182.80256800514675,49,182.80256800514675
B0034,149,3.3928187346829195,-1.7489863545731503,40.30936955838523,1.3333112541544827,178.74475158404184,48,178.74475158404184
B0034,150,3.3901374196096965,-1.7463412570660508,39.63376472877464,1.3023273463118925,174.59102461806143,47,174.59102461806143
B0034,151,3.38449140744984,-1.7543675539321288,39.397264101530574,1.2888728444455875,172.78730355421666,46,172.78730355421666
B0034,152,3.3921220546792745,-1.7346999432389854,39.0556543100656,1.2902746194203034,172.97522660583093,45,172.97522660583093
B0034,153,3.389816955641987,-1.7433417157972704,39.19214857830457,1.292407565676824,173.26117105246774,44,173.26117105246774
B0034,154,3.3881964986011384,-1.7522140323058732,39.3246784315448,1.2954091505102339,173.66356586743277,43,173.66356586743277
B0034,155,3.392372693620385,-1.7406561651353165,39.020958953665634,1.283229881592695,172.03080353203853,42,172.03080353203853
B0034,156,3.3581270184036267,-1.8482512574133536,41.16886509114223,1.4557454024367817,195.15836944853763,41,195.15836944853763
B0034,157,3.3640532409111272,-1.849395364079893,41.53076127734769,1.454676342673242,195.01505045886663,40,195.01505045886663
B0034,158,3.38037517618057,-1.799535657719212,40.35674808373947,1.423427718198495,190.8258353737335,39,190.8258353737335
B0034,159,3.379746726032651,-1.7883422605091341,39.90529016402678,1.392551210363313,186.6865065369105,38,186.6865065369105
B0034,160,3.383744830197482,-1.7775400800465013,39.6263343523975,1.3765732493746907,184.544488565614,37,184.544488565614
B0034,161,3.382914022586479,-1.7773805764791355,40.251117050644716,1.3810190828982352,185.1405004917669,36,185.1405004917669
B0034,162,3.378266732241365,-1.7969239114736186,41.28365494023095,1.4007568321672863,187.78655862630347,35,187.78655862630347
B0034,163,3.386601516930242,-1.7752050021088217,40.27720417425089,1.374645303479972,184.28602662812924,34,184.28602662812924
B0034,164,3.3873478555743035,-1.763847205060641,39.458737885900284,1.3345924114397838,178.91650453369084,33,178.91650453369084
B0034,165,3.3839254722198504,-1.7725760652080313,39.29135666075848,1.336396621564738,179.15837835691514,32,179.15837835691514
B0034,166,3.389334235413473,-1.7406273194455326,39.19247737595363,1.3069152971756248,175.20608890621045,31,175.20608890621045
B0034,167,3.3898762516669514,-1.7523330419103598,39.892115077092285,1.341539456674081,179.84783086186692,30,179.84783086186692
B0034,168,3.387534636174606,-1.7613727505178343,40.35117578100876,1.346388970161922,180.49796044037805,29,180.49796044037805
B0034,169,3.3867620663269333,-1.7612926148605925,40.23284401135697,1.344989807277774,180.3103875676723,28,180.3103875676723
B0034,170,3.3856540718379167,-1.7587841210720874,39.47675997912519,1.3158760805047784,176.407378541453,27,176.407378541453
B0034,171,3.3809895778096553,-1.7582529402290834,39.32483875925542,1.2972766889740088,173.9139295373868,26,173.9139295373868
B0034,172,3.381603206447632,-1.7466107935226565,39.06556270503843,1.2851255211005648,172.28493444998531,25,172.28493444998531
B0034,173,3.3826507314858842,-1.758399711843396,40.25366972386004,1.3190209156530253,176.82897760588347,24,176.82897760588347
B0034,174,3.3872757037197703,-1.76779626471083,40.60644361981523,1.3410097849290994,179.77682265265634,23,179.77682265265634
B0034,175,3.3863391572789534,-1.7560445058115577,40.11087407785343,1.326126983882746,177.78162268144473,22,177.78162268144473
B0034,176,3.3808981042387045,-1.7648997839310985,39.612138446886284,1.3091442679990724,175.5049064815394,21,175.5049064815394
B0034,177,3.3749959210790252,-1.7884175858149567,40.95422192099372,1.363001289617145,182.72502100482336,20,182.72502100482336
B0034,178,3.385047602248052,-1.7651175661948966,39.368332915328914,1.329285701687194,178.20508286564467,19,178.20508286564467
B0034,179,3.3857894711790375,-1.7533361843271522,39.15337098937444,1.2969085930621855,173.86458231098865,18,173.86458231098865
B0034,180,3.380809465968222,-1.7623544327636462,39.243985033148604,1.2986285924941396,174.09516678271748,17,174.09516678271748
B0034,181,3.385818012946154,-1.7501681024171156,39.03574242025546,1.2840657611821942,172.14286220484553,16,172.14286220484553
B0034,182,3.3852891991053005,-1.7716218211716077,39.362600417809674,1.3021015914136362,174.5607597394879,15,174.5607597394879
B0034,183,3.375861800258899,-1.7808467524862919,39.45158799429391,1.3089076351731335,175.47318329945622,14,175.47318329945622
B0034,184,3.3766457982542852,-1.7593469071219419,39.280231448753895,1.2722519696513912,170.5590960543242,13,170.5590960543242
B0034,185,3.383954937211064,-1.7475031987682161,39.093994194844335,1.276011534360331,171.06310624539526,12,171.06310624539526
B0034,186,3.378072965642498,-1.7569231795305054,39.19231540051725,1.2605053003103004,168.9843283571561,11,168.9843283571561
B0034,187,3.386411304876093,-1.744613516148423,39.05035096355298,1.2660681251347115,169.7300850124357,10,169.7300850124357
B0034,188,3.3853753800263027,-1.7445998152904736,38.99238106302636,1.265829016865281,169.69802997045815,9,169.69802997045815
B0034,189,3.3831949117830207,-1.7538809660262522,39.013996139611024,1.2655873898206993,169.66563725951,8,169.66563725951
B0034,190,3.3703776888462564,-1.7847975615409868,39.39352264576831,1.2663598323027554,169.76919150398058,7,169.76919150398058
B0034,191,3.37385872825505,-1.7952150007705359,39.40321172109691,1.2868479432728903,172.51584371618694,6,172.51584371618694
B0034,192,3.3788676910292508,-1.7732811378527673,39.209002406361016,1.270026164613209,170.26070288664877,5,170.26070288664877
B0034,193,3.3775187954558987,-1.7981891817251408,41.7029996329405,1.34598253292492,180.44347314588018,4,180.44347314588018
B0034,194,3.3764102425962137,-1.7979821246857843,41.54042703429465,1.3286875315413778,178.1248917071393,3,178.1248917071393
B0034,195,3.374457339617825,-1.795586068723611,40.70765268927143,1.31203071983408,175.8918664765144,2,175.8918664765144
B0034,196,3.369493571122545,-1.815444212082474,40.21142863220933,1.295125492961198,173.62553851412022,1,173.62553851412022
B0034,197,3.3671763894263442,-1.8021484216322963,40.0046687891377,1.2802601605963335,171.63268040803837,0,171.63268040803837
B0028,1,3.676492835528995,-0.9970402880141495,30.261078788805897,1.8046847720100736,100.0,27,100.0
B0028,2,3.677932362103996,-0.9969604106618353,30.023214006195516,1.8047833214525881,100.00546075658437,26,100.00546075658437
B0028,3,3.681544140844236,-0.9970702802711341,30.21665562692593,1.797618668222458,99.60845772640143,25,99.60845772640143
B0028,4,3.6819955552100256,-0.9973030888189304,30.363564779968748,1.7929913687761174,99.35205286733084,24,99.35205286733084
B0028,5,3.6822366580622092,-0.9974129863341045,30.383708693138953,1.7919180081592216,99.2925765181344,23,99.2925765181344
B0028,6,3.6730621916612125,-0.9966248234259864,30.151543075778466,1.775026135903797,98.35657525534266,22,98.35657525534266
B0028,7,3.6821638997402064,-0.9963089849547179,29.942877366572425,1.7920487852223415,99.29982305033482,21,99.29982305033482
B0028,8,3.6829104616020185,-0.9974947737184627,30.159672019699293,1.790475801581265,99.21266192028747,20,99.21266192028747
B0028,9,3.6830910997567576,-0.9972667051793968,30.18503729745987,1.7868365091987264,99.01100385573334,19,99.01100385573334
B0028,10,3.6823376400116725,-0.9977254189629398,30.557366977302667,1.7871529619962185,99.02853892902704,18,99.02853892902704
B0028,11,3.6779403019036363,-0.9970949960183577,29.87809290999813,1.7816340617009505,98.7227292729107,17,98.7227292729107
B0028,12,3.6809827017477756,-0.9972732896654727,30.329541918405045,1.7850235136604733,98.91054334504626,16,98.91054334504626
B0028,13,3.6821031308211283,-0.9970037592871084,30.67805955282036,1.7803865429693038,98.65360258934827,15,98.65360258934827
B0028,14,3.68119828344271,-0.9977226887954374,30.61748146501738,1.7789060856417256,98.57156846624048,14,98.57156846624048
B0028,15,3.6808780113914024,-0.9976984888319611,30.47693232752601,1.7738387518973049,98.29078071743177,13,98.29078071743177
B0028,16,3.6816453877057884,-0.997566184368524,30.59851621920085,1.769682881523146,98.06049837457529,12,98.06049837457529
B0028,17,3.6751321799254955,-0.9970360820430222,31.100240402928506,1.7408787283206992,96.46442167191854,11,96.46442167191854
B0028,18,3.6846266213857497,-0.9969371531723804,30.938169249041685,1.7648189744011906,97.79098276734058,10,97.79098276734058
B0028,19,3.6832544826548084,-0.9969974742534108,30.779624907003203,1.7617857390844023,97.6229071364142,9,97.6229071364142
B0028,20,3.6830019424524427,-0.9968197698794886,30.70960684046627,1.75770610357021,97.39684906924003,8,97.39684906924003
B0028,21,3.6825149277266642,-0.9963445930927353,30.47705959403915,1.7519375960601256,97.07720834308378,7,97.07720834308378
B0028,22,3.6802726203570852,-0.9967865142227076,30.54925924889458,1.7521244035832177,97.08755959810567,6,97.08755959810567
B0028,23,3.67908706723787,-0.9969143005288548,29.858081061792472,1.7597714133989641,97.51129065265594,5,97.51129065265594
B0028,24,3.680942088612725,-0.9972513551873874,29.92749751367273,1.7483011320324189,96.87570700145854,4,96.87570700145854
B0028,25,3.681439648314102,-0.9970973800951103,29.887309173794996,1.7411482627836237,96.47935693746213,3,96.47935693746213
B0028,26,3.680615489022298,-0.9972667201815385,29.974612767860144,1.7363833316311177,96.21532572124045,2,96.21532572124045
B0028,27,3.6776600467841285,-0.997266880260863,29.928807475767645,1.736559066269527,96.22506341289356,1,96.22506341289356
B0028,28,3.67453404625628,-0.9969394063653587,30.029795182593666,1.7172335652295245,95.15421152010136,0,95.15421152010136
B0031,1,3.3729664490249562,-3.8333672232532003,52.65501135302439,1.6666751942525773,100.0,39,100.0
B0031,2,3.410655663961355,-3.8451016770532584,53.97231092767106,1.8328583629543174,109.97093910528051,38,109.97093910528051
B0031,3,3.411724207737072,-3.8650342644443447,53.99108510894419,1.8139835002945137,108.8384531401151,37,108.8384531401151
B0031,4,3.414079984476593,-3.863745544431601,53.996608338848425,1.8044387333514835,108.26577005369582,36,108.26577005369582
B0031,5,3.412679097550016,-3.8849374979545646,53.954262670522155,1.802147684291295,108.12830781341715,35,108.12830781341715
B0031,6,3.3963237722822415,-3.8380587255136756,53.973288387308486,1.7715647509798835,106.2933412034337,34,106.2933412034337
B0031,7,3.4200798093339357,-3.906047424985772,53.88993125496472,1.8139928165779542,108.83901211426152,33,108.83901211426152
B0031,8,3.4200087266691894,-3.905358988025778,53.87262295937195,1.8013261041198854,108.07901325535072,32,108.07901325535072
B0031,9,3.417702003194436,-3.9279761474648427,53.81893583109196,1.7883722583933568,107.30178648847983,31,107.30178648847983
B0031,10,3.420480701190782,-3.9274541286439484,53.82033376097016,1.7765401657373159,106.59186456146949,30,106.59186456146949
B0031,11,3.4123332615490005,-3.927239655425038,53.821133604090825,1.7856209131823229,107.13670662045745,29,107.13670662045745
B0031,12,3.420910074120946,-3.9268971976071376,53.81794815350033,1.7813634036685941,106.88125735665304,28,106.88125735665304
B0031,13,3.4216539858581876,-3.926457770086078,53.80194299620242,1.7684898383971241,106.10884739244024,27,106.10884739244024
B0031,14,3.423749066677016,-3.925817080441477,53.75880729814269,1.766505238291406,105.98977199535256,26,105.98977199535256
B0031,15,3.4209893105313918,-3.9255513820662964,53.78850848662172,1.751740527921767,105.10389390581514,25,105.10389390581514
B0031,16,3.40095456627701,-3.852591436358121,53.8368863785077,1.7352349314055016,104.1135631819174,24,104.1135631819174
B0031,17,3.421591713831319,-3.925749357747081,53.773379186088945,1.7782778274549178,106.6961237310782,23,106.6961237310782
B0031,18,3.420573981542695,-3.9249912249362797,53.77386924606414,1.7649894859707393,105.89882732143568,22,105.89882732143568
B0031,19,3.422624599533156,-3.9244475102493666,53.754659591825344,1.762591283533551,105.75493591143218,21,105.75493591143218
B0031,20,3.4201177255120836,-3.9241185399534726,53.766677549195336,1.744314576121582,104.65833907750827,20,104.65833907750827
B0031,21,3.4199667649637617,-3.924417903030087,53.731744909320135,1.7628373753518478,105.7697013449819,19,105.7697013449819
B0031,22,3.4203305433739613,-3.9240126202473213,53.77927288646249,1.747857930947971,104.87093927931173,18,104.87093927931173
B0031,23,3.422863512888695,-3.9232971090768873,53.77940592279519,1.7441167338864993,104.6464686041392,17,104.6464686041392
B0031,24,3.4198002859215846,-3.92291737914847,53.7498055148608,1.7268422932817387,103.61000747096038,16,103.61000747096038
B0031,25,3.4194705619732524,-3.9226738819129343,53.75572683773813,1.7203093493042265,103.21803283786805,15,103.21803283786805
B0031,26,3.4145994489347062,-3.9229572377699213,53.7542876562008,1.7394245516699778,104.36493911160807,14,104.36493911160807
B0031,27,3.4248774653161553,-3.922700094183036,53.711431807207,1.7367384416372014,104.2037733342545,13,104.2037733342545
B0031,28,3.420974185160828,-3.9220779649294735,53.69342764953342,1.716963468448543,103.0172810136841,12,103.0172810136841
B0031,29,3.4245085053170605,-3.9213702793706045,53.61958378565316,1.7127773558366357,102.76611554207076,11,102.76611554207076
B0031,30,3.4232173747975634,-3.9210732675731483,53.633628437869824,1.7061083466554066,102.36597703852628,10,102.36597703852628
B0031,31,3.4217612690112014,-3.9208447863377685,53.64298219337473,1.713732696207521,102.82343567104249,9,102.82343567104249
B0031,32,3.4200957312475437,-3.9207501433470915,53.640194623026446,1.7093475797926974,102.56033003234661,8,102.56033003234661
B0031,33,3.418207639268387,-3.9202672088226542,53.65373339276206,1.6901000454115587,101.40548387830816,7,101.40548387830816
B0031,34,3.4190055604969225,-3.919741625648533,53.65355338521763,1.6946883343387664,101.68077980537484,6,101.68077980537484
B0031,35,3.4200180230564365,-3.9196997597664827,53.647830742878845,1.687010991299212,101.22014157988079,5,101.22014157988079
B0031,36,3.41552953622903,-3.919678832661814,53.654715008055895,1.6957069027070075,101.74189359477745,4,101.74189359477745
B0031,37,3.4189014427486333,-3.9194105864839486,53.66098543950281,1.687696889615565,101.26129526829702,3,101.26129526829702
B0031,38,3.4233537843227144,-3.9186527397651205,53.59867010741405,1.6819617127259294,100.91718641556955,2,100.91718641556955
B0031,39,3.4227287920309317,-3.9185184747583235,53.628910349751585,1.6750033888978846,100.49968912203329,1,100.49968912203329
B0031,40,3.422760457985402,-3.918145386509849,53.61379694880726,1.6672987794846676,100.03741492249006,0,100.03741492249006
B0026,1,3.404890220315493,-1.0495360191773455,32.764485625071856,1.8132504303869899,100.0,5,100.0
B0026,2,3.418631404129339,-1.0501897262481419,32.560591865941106,1.8149760087078302,100.09516491996486,4,100.09516491996486
B0026,3,3.4453022579697716,-1.0474152615120338,32.70948277164228,1.8135354175561993,100.01571692273905,3,100.01571692273905
B0026,4,3.4281919482774947,-1.0511342688931857,32.89402601565415,1.815149273310334,100.10472039005329,2,100.10472039005329
B0026,5,3.433945869545595,-1.051239794627214,32.88851048708752,1.8142913014068198,100.05740359976684,1,100.05740359976684
B0026,6,3.2986715430208906,-0.8176606997984731,31.60887613480477,1.3863373424430125,76.45592242584694,0,76.45592242584694
B0026,7,3.395711592779412,-1.051071206615797,32.4909596779559,1.8165277958816064,100.18074533112986,-1,100.18074533112986
B0026,8,3.4209107644287986,-1.0489813674620347,32.63416073863936,1.8085638576011063,99.74153747836787,-2,99.74153747836787
B0026,9,3.4290052342029878,-1.0490946281054965,32.646683898798194,1.804936077644182,99.54146693675217,-3,99.54146693675217
B0026,10,3.4422746572295977,-1.042943784297617,32.95341147758712,1.8049315924982108,99.5412195828348,-4,99.5412195828348
B0026,11,3.391747147883427,-1.002108129626011,32.14122281811958,1.717679232699393,94.7292885700736,-5,94.7292885700736
B0026,12,3.433128893119263,-1.046478428570111,32.73498021932445,1.809804813280106,99.80997566308871,-6,99.80997566308871
B0026,13,3.4445618404708633,-1.046791486848897,33.0777254348539,1.806556213274488,99.63081673660085,-7,99.63081673660085
B0026,14,3.435084142217923,-1.0469850347811238,33.067457381369145,1.7938155707698507,98.92817565122589,-8,98.92817565122589
B0026,15,3.4457210478614795,-1.0475275600281526,32.902717226956746,1.799304949381792,99.23091257713247,-9,99.23091257713247
B0026,16,3.4449342432242034,-1.0476470565655591,33.04143942038261,1.7842197448470132,98.3989698800854,-10,98.3989698800854
B0026,17,3.348388974288582,-0.99787222854682,33.28920270851618,1.6818819918515189,92.7550857656527,-11,92.7550857656527
B0026,18,3.4115903895548496,-1.05175253436239,33.31828122927918,1.8007519383961936,99.31071341380414,-12,99.31071341380414
B0026,19,3.4077180188358045,-1.0581306387784024,33.24546150252619,1.795972684272296,99.04713955528987,-13,99.04713955528987
B0026,20,3.416993809879986,-1.0584303641401285,33.19381621015531,1.7931026940553298,98.8888607996988,-14,98.8888607996988
B0026,21,3.4279308915459796,-1.058835499937123,32.950371591621256,1.8010267542068712,99.32586939039028,-15,99.32586939039028
B0026,22,3.450423062016945,-1.048570222149277,32.98142836772341,1.7824572301269948,98.30176793321245,-16,98.30176793321245
B0026,23,3.4243550860962872,-1.0522245912177104,32.285643510120714,1.7959303030608789,99.04480224927262,-17,99.04480224927262
B0026,24,3.419928142613709,-1.0562946339613315,32.40988062398286,1.7783142127341003,98.07328226330914,-18,98.07328226330914
B0026,25,3.4304184604928114,-1.0562794361681302,32.395070835603484,1.771719092984802,97.70956417788777,-19,97.70956417788777
B0026,26,3.4416415585585702,-1.0570022650761444,32.48055490141574,1.7790749489536772,98.11523654644776,-20,98.11523654644776
B0026,27,3.448941537538792,-1.0532958143214937,32.39831599080119,1.7733229782464675,97.79801777672812,-21,97.79801777672812
B0026,28,3.3679598202717265,-1.061746365944055,32.5316653403438,1.768754111010884,97.5460466667801,-22,97.5460466667801
